2016 전기공사기사 실기 과년도 기출문제,김상훈 ,,2016-05-04,9791156642466
2018 전기기능사 필기,"김상훈 , 김정현 ",,2017-08-07,9791156643234
2016 전기공사산업기사 실기 과년도 기출문제,김상훈 ,,2016-05-04,9791156642473
2017 전기산업기사 필기 과년도 기출문제 & 동영상,김상훈 ,,2016-12-07,9791156642817
아주 큰 스케치북 : 그림 그리기,편집부 ,,2017-10-10,9791162240090
2017 전력공학,김상훈 ,,2016-12-26,9791156642916
2017 전기자기학,김상훈 ,,2016-12-26,9791156642886
2017 회로이론,김상훈 ,,2016-12-29,9791156642893
2017 전기공사산업기사 필기 과년도 기출문제 & 동영상,김상훈 ,,2016-12-20,9791156642831
놀이동산의 슈퍼컴퓨터를 작동시켜라,"유경선 , (그림) 김미선 ",,2017-10-01,9788968488764
2017 제어공학,김상훈 ,,2016-12-29,9791156642909
2017 전기기기,김상훈 ,,2016-12-26,9791156642923
2017 전기기사 필기 과년도 기출문제 & 동영상,김상훈 ,,2016-12-07,9791156642800
전기공사기사 필기 핵심 이론 & 엄선된 필수 기출문제 469선,김상훈 ,,2016-05-04,9791156642527
2016 전기공사기사 필기 과년도 기출문제 & 동영상,김상훈 ,,2015-12-01,9791156642138
MOS 2016 워드 Expert,"김경희 , 오해강 ",,2017-10-20,9791156643364
엔트리 : 창의력과 문제해결능력 향상을 위한 첫걸음,"최현종 , 이상열 , 박지현 , 이현아 ",,2016-03-17,9788968482649
연필 하나로 시작하는 일러스트 연습장,우모토 사치코 ,류현정 ,2008-09-02,9788979145915
Make: Technology on Your Time Volume 01,오라일리 / 메이크 미디어 (Make Media) ,한빛미디어 / Make ,2011-05-09,9788979147728
마담의크스와 함께 하는 손글씨&동꼬 by 포토샵,"마담의크스 카페 , 네모기획 ",,2006-07-12,8979144261
Make: Technology on Your Time Volume 02,오라일리 / 메이크 미디어 (Make Media) ,한빛미디어 / Make ,2011-09-06,9788979148411
2017 전기공사기사 필기 과년도 기출문제 & 동영상,김상훈 ,,2016-12-20,9791156642824
철들고 그림 그리다 : 잊었던 나를 만나는 행복한 드로잉 시간,정진호 ,,2012-12-28,9788979149838
연필 하나로 시작하는 스케치 연습장,우모토 사치코 ,류현정 ,2008-09-02,9788979145922
어쩌다 엄마,전투육아블로그 서현정 ,,2015-10-16,9791185933207
"IT CookBook, 워드 2013 for Beginner",최희식 ,,2014-10-28,9791156641384
Make: Technology on Your Time Volume 05,오라일리 미디어 (메이크 편집부) ,한빛미디어 / Make ,2013-03-07,9788979149753
봄날의 햇살처럼 너를 사랑해,이야기꽃 ,,2014-11-27,9791185933085
"IT CookBook, 초보자의 첫 번째 파워포인트 2007",고경희 ,,2009-11-05,9788979147025
"IT CookBook, 초보자의 첫 번째 엑셀 2010",양숙희 ,,2013-03-12,9788998756109
맛있는 디자인 애프터 이펙트 CS6 & CC,이수정 ,,2014-11-21,9788968481420
회사에서 바로 통하는 파워포인트 2013,전상오 ,,2014-11-25,9788968481413
내 일상을 꾸며주는 포토샵 CS6&CC,우보명(야우) ,,2013-12-26,9788968480744
뽀얀의 포토샵 일러스트 하우스 II 미술사 거장을 만나다,뽀얀(김은혜) ,,2010-04-23,9788979147360
1인 밥상,오은경 ,,2014-11-24,9791185933054
펠트보이와 함께하는 손그림 일러스트 놀이,펠트보이 ,,2014-10-21,9788968481383
"나에게, 포토샵: 생활 디자이너 7명이 들려주는 일상, 작업, 포토샵 이야기","김효정 , 김진숙 , 이지남 , 조영주 , 신동욱 , 최재연 , 조선진 ",,2013-03-25,9788968480096
Make : 아두이노 DIY 프로젝트,"키모 카르비넨 , 테로 카르비넨 ",배지은 ,2014-01-02,9788968480737
누구나 할 수 있는 정진호의 비주얼씽킹,정진호 ,,2015-06-27,9788968481987
뽀얀의 일러스트 하우스 by 포토샵,김은혜 ,,2007-12-11,9788979145205
"IT CookBook, 파워포인트 2010 실무와 활용",고경희 ,,2014-02-24,9788998756949
회사에서 바로 통하는 엑셀+파워포인트+워드 2013 & 한글 2014,"전미진 , 이화진 , 신면철 ",,2015-05-19,9788968481949
행복 화실,정진호 ,,2016-04-28,9788968482830
맛있는 디자인 인디자인 CC,황지완 ,,2016-02-19,9788968482427
"IT CookBook, 초보자의 첫 번째 엑셀 2007",양숙희 ,,2014-02-19,9788998756000
맛있는 디자인 드림위버 CC,"임화연 , 이해령 ",,2015-07-28,9788968482120
맛있는 디자인 포토샵 CC,"윤이사라(포완카) , 박효근 ",,2015-07-28,9788968482083
모션 그래픽 디자인 강의 + 애프터 이펙트,이수정 ,,2016-09-21,9788968484896
"IT CookBook, 엑셀 2010 실무와 활용",전미진 ,,2014-02-24,9788998756802
"IT CookBook, 엑셀과 파워포인트 2010 실무와 활용","전미진 , 고경희 ",,2014-02-24,9788998756789
회사에서 바로 통하는 엑셀+파워포인트+워드 2013 & 한글 2014 & 윈도우 10,"전미진 , 이화진 , 신면철 , 박광수 ",,2016-03-28,9788968482731
게임스토밍 : 팀의 운명을 바꾸는 성과 창출의 기술,데이브 그레이 · 서니 브라운 · 제임스 매카누포 ,"정진호 , 강유선 ",2010-12-15,9788994120119
처음 시작하는 센서,"키모 카르비넨 , 테로 카르비넨 ",임지순 ,2015-02-25,9788968481697
연필 하나로 시작하는 스티커 연습장,"이다솔 , 김은하 , 정선영 ",,2010-07-28,9788979147605
맛있는 디자인 프리미어 프로 CS6 & CC,"윤성우 , 김덕영 ",,2015-09-11,9788968482090
펠트보이와 함께하는 점잇기 선잇기 컬러링 놀이,펠트보이 ,,2015-12-13,9788968482496
만들면서 배우는 모던 웹사이트 디자인,야무(지훈) ,,2014-03-17,9788968480904
33가지 프로젝트로 배우는 아두이노,사이먼 몽크 ,윤진서 ,2014-05-20,9788968481000
회사에서 바로 통하는 엑셀 파워포인트 워드 2016 한글 NEO + 원노트,"전미진 , 이화진 , 신면철 ",,2016-10-21,9788968484889
엑셀 2007 바이블: 엑셀의 거의 모든 기능,최준선 ,,2008-11-28,9788979146042
맛있는 디자인 포토샵 & 드림위버 CC,"임화연 , 이해령 ",,2016-08-10,9788968484964
맛있는 디자인 포토샵 & 일러스트레이터 CC,"박정아 , 박효근 , 윤이사라(포완카) ",,2016-05-16,9788968482762
실전 쇼핑몰 포토샵 북 : 상품 사진 보정부터 상세 페이지 제작까지 쇼핑몰 디자인의 모든 것,임화연 ,,2014-05-22,9788968480997
테크니컬 아티스트를 위한 최고의 교과서 : 내공 있는 CG 아티스트로 이끌어주는 체계적인 입문서,"카츠라 요스케 , 요츠쿠라 타츠오 , 마크 살바티 ",서재우 ,2014-05-16,9788968481017
키노트 6.x 프레젠테이션 : 키노트 사용자를 위한 기본+활용법,윤춘근 ,,2014-06-20,9788968481123
10년차 디자이너에게 1:1로 배우는 편집 디자인 강의+인디자인,황지완 ,,2014-04-28,9788968480935
위닝 프레젠테이션 : 프레젠테이션 전문 코치가 1:1로 가르쳐주는 30가지 비밀,채종서 ,,2014-03-27,9788968480898
"IT CookBook, 초보자의 첫 번째 한글 2010",양숙희 ,,2014-08-01,9791156641124
회사에서 바로 통하는 엑셀 파워포인트 워드 2016 + 원노트,"전미진 , 이화진 , 신면철 ",,2016-09-30,9788968484926
회사에서 바로 통하는 엑셀 2013,한은숙 ,,2014-07-09,9788968481079
게임 컨셉 아트 디자인 북 : 디지털 드로잉부터 게임 배경 원화 제작까지,안홍일 ,,2014-06-24,9788968481062
만들면서 배우는 HTML5+CSS3+jQuery,야무(지훈) ,,2012-03-12,9788979149104
"좋은 사진을 만드는 장세현, 전국희의 아이디어가 반짝이는 DSLR 촬영 테크닉","장세현 , 전국희 ",,2014-03-28,9788968480881
라즈베리 파이 쿡북,사이먼 몽크 ,"박경욱 , 백운혁 , 유시형 , 윤종우 ",2014-12-26,9788968481536
성공하는 포트폴리오는 따로 있다,"진욱 , 정소현 , 정승환 ",,2014-07-28,9788968481185
만들면서 배우는 모던 웹사이트 제작,야무(지훈) ,,2015-04-20,9788968481871
엑셀 2016 매크로&VBA 바이블,최준선 ,,2016-02-26,9788968482670
엑셀 2016 바이블,최준선 ,,2016-09-30,9788968484827
당신의 프레젠테이션이 항상 그 모양인 이유,전철웅 ,,2011-05-28,9788979147803
좋은 사진을 만드는 ZAKO의 미러리스 사진 잘 찍는 법,ZAKO ,,2014-09-28,9788968481291
맛있는 디자인 인디자인 CS6,황지완 ,,2012-11-28,9788979149814
맛있는 디자인 일러스트레이터 CC,빨간고래(박정아) ,,2014-10-16,9788968481284
회사에서 바로 통하는 엑셀+파워포인트+워드 2013(개정판),"전미진 , 이화진 , 신면철 ",,2014-10-28,9788968481369
쇼핑몰 디자인&제작북 with 포토샵+플래시+드림위버,임화연 ,,2011-03-21,9788979148213
"IT CookBook, 인터넷 윤리","최희식 , 김상균 ",,2016-08-26,9791156642503
손으로 만드는 즐거움,레나 코윈 ,조진경 ,2015-01-23,9791185933092
회사에서 바로 통하는 엑셀 2013 & 한글 2014,"전미진 , 신면철 ",,2015-06-28,9788968482076
좋은 사진을 만드는 김주원의 풍경사진,김주원 ,,2015-03-28,9788968481833
나도 기타 잘 치면 소원이 없겠네,김우종 ,,2015-06-04,9791185933122
의사가 권하고 건축가가 짓다,"이시형 , 김준성 ",,2015-06-08,9791185933139
꾸미지 않아도 돋보이는 사계절 아이옷 만들기,마리코 나카무라 ,권경희 ,2015-06-19,9791185933153
싱글 라이프스타일 아이디어 100,REISM (리즘) ,김보미 ,2015-04-10,9791185933115
"헤이, 런던",휴 키이스 ,,2015-07-10,9791185933177
아이의 오후가 행복한 엄마표 사계절 놀이,류지원 ,,2015-07-24,9791185933191
호스피스로 삶을 마무리하는 사람들,질병체험이야기 연구팀 ,,2015-09-11,9791185933252
좋은 사진을 만드는 김주원의 미러리스 & DSLR 사진강의,김주원 ,,2015-11-12,9788968482267
헬스보이의 지속가능한 운동법,이승윤 ,,2015-06-15,9791185933160
Make: Technology on Your Time Volume 08,메이크 미디어 (Make Media) ,한빛미디어 / Make ,2015-06-28,9788968480836
패브릭 손뜨개,김인영 ,,2015-07-21,9791185933146
위암을 이겨낸 사람들,질병체험이야기 연구팀 ,,2015-09-11,9791185933238
유방암을 이겨낸 사람들,질병체험이야기 연구팀 ,,2015-09-11,9791185933221
좋은 사진을 만드는 김주원의 어도비 포토샵 라이트룸 CC 사진 강의,김주원 ,,2016-07-25,9788968482977
혼자 배우는 영문 캘리그라피,티애 김은정 ,,2015-09-17,9791185933276
특별한 날에 캘리그라피,티애 김은정 ,,2015-09-17,9791185933283
"IT CookBook, 파워포인트 2013 for Beginner",최희식 ,,2014-10-28,9791156641285
당뇨를 이겨낸 사람들,질병체험이야기 연구팀 ,,2015-09-11,9791185933214
크로아티아의 작은 마을을 여행하다,양미석 ,,2015-03-16,9791185933108
"(10대를 위한 프로그래밍 노트, 수프) 앱 인벤터: 나만의 앱 만들기! 구글과 MIT 기술로 배우는 컴퓨팅 사고력",김종훈 ,,2016-01-14,9788968482342
인터랙티브 디벨로퍼: 구글 엔지니어의 포트폴리오,김종민 ,,2015-07-24,9788968481840
"(10대를 위한 프로그래밍 노트, 수프) 코딩 클럽 LV1. 모두를 위한 파이썬 기초",크리스 로피 ,유형목 ,2015-08-26,9788968482168
우울증을 이겨낸 사람들,질병체험이야기 연구팀 ,,2015-09-11,9791185933245
"(꼬마해커의 작업실, 수프) 스크래치 알고리즘 : 초등학생도 볼 수 있는 가장 쉬운 알고리즘",김종훈 ,,2014-11-12,9788968481390
정보교과교육론(증보판) : 소프트웨어 교육을 위한 필수 지침서,"이태욱 , 최현종 ",,2016-03-03,9791156642510
"(10대를 위한 프로그래밍 노트, 수프) 코딩 클럽 LV3. 제대로 된 파이썬 앱 만들기",크리스 로피 ,"이지호 , 유형목 ",2015-11-06,9788968482335
"(10대를 위한 프로그래밍 노트, 수프) 코딩 클럽 LV2. 본격 파이썬 입문",크리스 로피 ,"이지호 , 유형목 ",2015-08-26,9788968482175
회사에서 바로 통하는 엑셀&파워포인트 2013,"이희정 , 전미진 ",,2014-11-25,9788968481406
"IT CookBook, 파워포인트 2013 : 기본 기능부터 프레젠테이션 스킬까지 한번에!","채종서 , 차유빈 ",,2014-12-17,9791156641377
"IT CookBook, 엑셀 2013 for Beginner",양숙희 ,,2014-11-28,9791156641407
치매와 함께하는 사람들,질병체험이야기 연구팀 ,,2015-09-11,9791185933269
100만 방문자와 소통하는 카카오스토리 마케팅 : 카카오스토리 채널 마케팅 실전 노하우,최근영 ,,2014-12-22,9788968481499
스크래치를 활용한 문제해결능력 향상,김종훈 ,,2016-02-19,9788968482625
대학생을 위한 파이썬 프로그래밍 : 누구나 할 수 있는 가장 쉬운 프로그래밍 입문서,크리스 로피 ,"이지호 , 유형목 ",2016-01-26,9788968482540
"(10대를 위한 프로그래밍 노트, 수프) 코딩 클럽 LV4. 파이썬 프로그래밍 아트",크리스 로피 ,유형목 ,2016-09-28,9788968484797
"(10대를 위한 프로그래밍 노트, 수프) 프로그래밍 비타민 : 컴퓨팅 사고력을 키우는 22가지 이야기",김종훈 ,,2015-07-28,9788968482106
"jQuery 최고의 교과서 : 디자이너, 퍼블리셔, 개발자를 위한 처음 시작하는 제이쿼리",주식회사 시프트브레인 ,송태민(어비) ,2015-01-28,9788968481574
맥 쓰는 사람들과 함께하는 Mac OS X 바이블,고래돌이(김상우) ,,2015-01-27,9788968481628
"IT CookBook, 한글 2014 for Beginner",양숙희 ,,2014-12-04,9791156641414
인터랙티브 웹디자인북: 웹디자이너를 위한 HTML5+CSS3+jQuery 사용설명서,최성일 ,,2015-04-27,9788968481895
10년차 디자이너에게 1:1로 배우는 포토샵 디자인 강의,정다영 ,,2015-01-28,9788968481666
빅데이터로 일하는 기술 : 감이 아닌 과학으로 성공하는 빅데이터 구축 및 활용 가이드,장동인 ,,2014-12-27,9788968481376
"IT CookBook, 엑셀 2013 : 기본 기능부터 실무 활용까지",하숙정 ,,2015-02-16,9791156641506
"IT CookBook, 컴퓨터 활용과 실습 : 컴퓨터 기초, 한글 2014, 엑셀 2013, 파워포인트 2013",김주영 ,,2015-02-02,9791156641490
공학과 경영,김상균 ,,2016-07-07,9791156642626
"펠트보이와 함께하는 컬러링 놀이: 안티 스트레스, 집중력 향상을 위한 컬러링북",펠트보이 ,,2015-03-20,9788968481802
회사에서 바로 통하는 오토캐드 2015,심미현 ,,2015-02-27,9788968481727
스마트러닝 콘텐츠 만들기,"배영권 , 도재춘 , 김달진 , 신승기 ",,2013-04-26,9788998756116
백만 방문자와 소통하는 블로그 마케팅,조재형 ,,2015-06-28,9788968481994
대학생을 위한 스크래치 프로그래밍 : 누구나 할 수 있는 가장 쉬운 프로그래밍 입문서,김종훈 ,,2016-01-26,9788968482557
뇌를 자극하는 파이썬 3,박상현 ,,2016-02-05,9788968482359
맥 사용자를 위한 엑셀+파워포인트+워드 2016 : Office for Mac,장경호 ,,2016-02-26,9788968482595
회사에서 바로 통하는 한글 2014,신면철 ,,2015-02-27,9788968481734
Head First Python : 머리에 쏙쏙 들어오는 파이썬 안내서(수정판),폴 베리 ,강권학 ,2016-03-28,9788968482724
도와주세요! 맥북이 생겼어요 : Mac OS X Yosemite 요세미티,김경범 ,,2014-11-28,9788968481338
"모던 웹을 위한 JavaScript + jQuery 입문(개정판) : 자바스크립트에서 제이쿼리, 제이쿼리 모바일까지 한 권으로 끝낸다",윤인성 ,,2013-09-03,9788968480423
비즈니스를 위한 데이터 과학 : 빅데이터를 바라보는 데이터 마이닝과 분석적 사고,"포스터 프로보스트 , 톰 포셋 ",강권학 ,2014-06-24,9788968481093
Head First jQuery: 자바스크립트를 몰라도 배울 수 있는 제이쿼리,"라이언 베네디티 , 로넌 크랜리 ",한선용 ,2012-05-24,9788979149203
창의적 공학설계(개정판),김은경 ,,2016-01-08,9791156642381
IT 전문가로 사는 법,장동인 ,,2016-11-30,9788968484711
빅데이터의 충격: 거대한 데이터의 파도가 사업 전략을 바꾼다!,시로타 마코토 ,김성재 ,2013-01-26,9788979144338
R로 배우는 데이터 분석 기본기 데이터 시각화 : 예제와 함수 중심으로 배우는 빅데이터 분석,후나오 노부오 ,김성재 ,2014-01-02,9788968480645
회사에서 바로 통하는 오토캐드 2017,심미현 ,,2016-07-31,9788968483004
지금 당장 소셜마케팅 시작하라,조재형 ,,2014-02-25,9788994120744
jQuery Mobile(개정판),존 라이드 ,한선용 ,2012-01-19,9788979149067
뇌를 자극하는 C# 5.0 프로그래밍,박상현 ,,2014-08-19,9788968481161
"JavaScript+jQuery 정복 : 보고, 이해하고, 바로 쓰는 자바스크립트 공략집",김상형 ,,2014-10-17,9788968481321
"자바스크립트 웹 애플리케이션 : 제이쿼리, Node.js, 웹소켓, 스파인, 백본, 자바스크립트MVC",알렉스 맥카우 ,우정은 ,2012-06-18,9788979149258
가장 쉽게 배우는 블로그 & 페이스북,"강진영 , 박순녀 ",,2015-11-26,9788968482441
모던 웹을 위한 Node.js 프로그래밍 3판,윤인성 ,,2016-07-01,9788968482946
뇌를 자극하는 알고리즘,박상현 ,,2009-09-04,9788979146875
"IT CookBook, 자바스크립트 프로그래밍 입문",윤인성 ,,2016-12-15,9791156642787
실전으로 배우는 발명·특허,윤상원 ,,2014-06-30,9791156641162
데이터 시각화를 위한 데이터 인사이트 : 빅데이터를 바라보는 통찰의 눈,헌터 휘트니 ,한선용 ,2014-04-18,9788968480942
엔지니어를 위한 데이터 시각화 :  D3.js로 배우는 데이터 시각화 이론과 12가지 사례,"모리후지 다이치 , 안티베이지안 ",김성재 ,2015-04-27,9788968481918
헬로 데이터 과학 : 삶과 업무를 바꾸는 생활 데이터 활용법,김진영 ,,2016-02-23,9788968482656
프로그래밍 스칼라,"딘 왐플러 , 알렉스 페인 ",오현석 ,2016-06-01,9788968482755
"인사이드 자바스크립트 : 핵심 개념과 원리를 정확하게. jQuery, Node.js, 클로저의 개념까지","송형주 , 고현준 ",,2014-01-02,9788968480652
백만 방문자와 소통하는 소셜 홍보 마케팅,김진 ,,2015-09-18,9788968482236
처음 시작하는 파이썬: 파이썬 패키지를 활용한 모던 컴퓨팅 입문,빌 루바노빅 ,최길우 ,2015-12-04,9788968482397
Head First Data Analysis : 당신을 최고의 데이터 분석가로 이끌어줄 마법 같은 학습서,마이클 밀튼 ,김경태 ,2013-04-11,9788968480119
설계 프로세스로 배우는 창의적 공학설계,노승환 ,,2014-06-27,9791156641094
Head First JavaScript : 대화형 웹 애플리케이션의 시작,마이클 모리슨 ,홍형경 ,2008-07-01,9788979145823
비즈니스 활용 사례로 배우는 데이터 분석:R,"사카마키 류지 , 사토 요헤이 ",손정도 ,2015-10-28,9788968482113
Head First HTML5 Programming: 웹 표준으로 만드는 생동감 있는 웹 애플리케이션,"에릭 프리먼 , 엘리자베스 롭슨 ",홍형경 ,2012-07-28,9788979149326
The Art of Computer Programming 2: 준수치적 알고리즘(개정 3판),도널드 커누스(Donald E. Knuth) ,류광 ,2007-09-14,9788979144840
The Art of Computer Programming 1: 기초 알고리즘(개정 3판),도널드 커누스(Donald E. Knuth) ,류광 ,2006-09-28,9788979144307
"안드로이드 프로그래밍 정복 3판, 2권 : 4.4 킷캣(KitKat) 호환",김상형 ,,2013-04-25,9788968480041
누구나 쉽게 배우는 스칼라,고락윤 ,,2016-05-01,9788968488221
Head First JavaScript Programming : 게임과 퍼즐로 배우는 자바스크립트 입문서,"에릭 프리먼 , 엘리자베스 롭슨 ",강권학 ,2015-01-27,9788968481567
"모던 웹 디자인을 위한 HTML5+CSS3 입문, 개정판",윤인성 ,,2015-01-19,9788968481611
"Introduction To Algorithms, Third Edition","토머스 코멘 , 찰스 레이서손 , 로날드 리베스트 , 클리포드 스타인 ","문병로 , 심규석 , 이충세 ",2014-07-10,9791156641131
함수형 자바스크립트 : 새롭고 올바른 자바스크립트 프로그래밍 기법,마이클 포거스 ,우정은 ,2014-01-28,9788968480799
"IT CookBook, VHDL을 이용한 FPGA 디지털 설계 : 실습부터 응용까지",노승환 ,,2014-01-28,9788998756833
창의융합 프로젝트 아이디어북 : Creative Convergence Capstone Design with PBL,조준동 ,,2015-06-10,9791156641858
데이터 분석을 통한 네트워크 보안 : IoT 시대에 맞는 상황 인식형 보안 구축하기,마이클 콜린스 ,문성건 ,2016-03-28,9788968482588
사전처럼 바로 찾아 쓰는 HTML5 핵심 API,하타노 후토미 ,윤준 ,2011-12-01,9788979148732
The Art of Computer Programming 4A 컴퓨터 프로그래밍의 예술: 조합적 알고리즘 1부,도널드 커누스(Donald E. Knuth) ,류광 ,2013-08-19,9788968480287
더글라스 크락포드의 자바스크립트 핵심 가이드,더글라스 크락포드(Douglas Crockford) ,김명신 ,2008-09-26,9788979145984
"IT CookBook, 디지털 시스템 설계 및 실습 with VHDL & Verilog HDL",노승환 ,,2017-01-02,9791156642992
"창의와 혁신의 시크릿, 트리즈 : Training How To Think Inventively",김은경 ,,2015-07-10,9791156641902
The Art of Computer Programming 3: 정렬과 검색(개정 2판),도널드 커누스(Donald E. Knuth)) ,류광 ,2008-01-01,9788979145496
한 번에 배우는 HTML5+자바스크립트,지닌 마이어 ,김지원 ,2011-05-22,9788979148268
"IT CookBook, 쉽게 배우는 알고리즘 : 관계 중심의 사고법",문병로 ,,2013-07-02,9788998756406
프로젝트로 배우는 HTML5+자바스크립트,지닌 마이어 ,김지원 ,2012-06-22,9788979149241
"IT CookBook, 알기 쉬운 최신 VLSI 설계: CMOS부터 SoC까지",조준동 ,,2015-09-17,9791156641971
Head First Design Patterns: 스토리가 있는 패턴 학습법,"에릭 프리먼 , 엘리자베스 프리먼 , 케이시 시에라 , 버트 베이츠 ",서환수 ,2005-08-22,8979143400
"프로그래밍 면접, 이렇게 준비한다(3판)","존 몽건 , 에릭 기게리 , 노아 수요야넨 킨들러 ",서환수 ,2014-02-28,9788968480843
"IT CookBook, 쉽게 배우는 유전 알고리즘 : 진화적 접근법",문병로 ,,2014-09-02,9791156641353
웹 표준 가이드: HTML5 + CSS3,존 앨섭(John Allsopp) ,"김지원 , 홍승표 ",2010-11-25,9788979147940
누구나 쉽게 스칼라+플레이,고락윤 ,,2016-11-01,9788968484728
Head First HTML and CSS(개정판) : HTML5를 적용한 웹 제작 지침서,"엘리자베스 롭슨 , 에릭 프리먼 ","홍형경 , 우재남 ",2013-04-11,9788968480126
"IT CookBook, 디지털 공학 : 논리회로의 설계 원리","김대정 , 모현선 ",,2013-12-02,9788998756765
파이썬을 활용한 베이지안 통계: 동전 던지기와 하키 승률로 배우는 데이터 분석,앨런 B. 다우니 ,권정민 ,2014-07-14,9788968481147
Head First HTML with CSS & XHTML : 웹2.0 시대의 웹 표준 학습법,"에릭 프리먼 , 엘리자베스 프리먼 ",홍형경 ,2006-05-28,8979144105
더 나은 프로그래밍을 위한 코드골프 : 즐기면서 배우는 자바스크립트 코드 퍼즐과 알고리즘,야나이 마사카즈 ,"손정도 , 김정현 ",2015-01-28,9788968481673
"IT CookBook, 처음 만나는 디지털 논리회로","임석구 , 홍경호 ",,2016-07-25,9791156642633
브루스 테이트의 세븐 랭귀지 : 프로그래머라면 알아야 할 미래를 품은 7가지 언어,브루스 테이트 ,임백준 ,2015-04-27,9788968481857
"IT CookBook, 아날로그 CMOS 집적회로 설계 : Design of Analog CMOS Integrated Circuits",버자드 라자비(Behzad Razavi) ,"김대정 , 이강윤 , 이종창 ",2009-05-15,9788979146721
"IT CookBook, CMOS 디지털 집적회로 설계 : 기본 이론부터 실습까지",신경욱 ,,2014-05-30,9791156641100
사전처럼 바로 찾아 쓰는 알고리즘,"조지 T. 하인만 , 게리 폴리케 , 스탠리 셀코 ",전경원 ,2010-03-08,9788979147292
"자바 프로그래밍 면접, 이렇게 준비한다",노엘 마크엄 ,정원천 ,2015-01-23,9788968481529
"IT CookBook, VHDL을 이용한 디지털 회로 입문","나미키 히데아키 , 나가이 다카미치 ","김은성 , 이영희 ",2009-05-30,9788979146714
Programming Challenges: 알고리즘 트레이닝 북,"스티븐 스키에나 , 미구엘 레비야 ",서환수 ,2004-07-14,8979142889
Elemental Design Patterns : 객체지향과 디자인 패턴의 연결 고리,제이슨 맥컴 스미스 ,김지원 ,2013-05-02,9788968480140
Head First Statistics: 실생활 예제로 배우는 정말 쉬운 통계 이야기,돈 그리피스 ,임백준 ,2012-04-26,9788979147278
좋은 코딩 나쁜 코딩 : 단순한 코드가 좋은 코드다 (2판),박진수 ,,2013-10-10,9788968480560
HTML5 Canvas : 웹의 한계를 캔버스로 뛰어 넘는다,"스티브 펄튼 , 제프 펄튼 ","이수진 , 이성희 ",2012-01-09,9788979148985
코딩의 기술 : C와 C++ 게임 코드로 알아보는,오즈 모리하루 ,윤인성 ,2016-03-28,9788968482694
"IT CookBook, 기초전자실험(개정판) : with PSpice",홍순관 ,,2016-06-10,9791156642589
"IT CookBook, C 언어로 배우는 8051 마이크로프로세서",임석구 ,,2014-07-28,9791156641278
기초 확률과 통계 : BASIC PROBABILITY & STATISTICS,박대수 ,,2013-08-21,9788998756543
이공계생을 위한 확률과 통계 : Forward-Looking Probability and Statistics,안승철 ,,2014-07-10,9791156641223
TopCoder 탑코더 알고리즘 트레이닝,타카하시 나오히로 ,윤인성 ,2013-10-28,9788968480553
"IT CookBook, 디지털 논리회로(개정판) : 이론, 실습, 시뮬레이션","임석구 , 홍경호 ",,2013-03-20,9788998756147
"IT CookBook, 디지털 논리회로 실험 : 120개의 기본 실험과 12개의 텀 프로젝트","임석구 , 홍경호 ",,2014-01-08,9788998756758
Think Stats : 프로그래머를 위한 통계 및 데이터 분석 방법,앨런 B. 다우니 ,김석우 ,2013-09-03,9788968486340
"IT CookBook, 핵심이 보이는 전자회로",신경욱 ,,2014-07-22,9791156641308
"IT CookBook, 디지털 논리회로(개정3판) : 이론, 실습, 시뮬레이션","임석구 , 홍경호 ",,2015-07-07,9791156641889
Head First C : 내공 있는 C 프로그래머로 이끌어주는 착한 안내서,"데이빗 그리피스 , 돈 그리피스 ",강권학 ,2012-11-08,9788979149760
모던 웹을 위한 HTML5 웹소켓 프로그래밍,"바네사 왕 , 프랭크 살림 , 피터 모스코비츠 ",김지원 ,2013-07-24,9788968480317
"IT CookBook, 기초 회로이론(개정판) : 선형회로해석의 기본 원리",최윤식 ,,2014-07-22,9791156641292
훌륭한 프로그래머 되는 법 : 프로젝트와 팀을 성공으로 이끄는 선배 개발자의 노하우,피트 구들리프 ,"최원재 , 강전희 , 안재덕 , 남윤화 ",2015-12-04,9788968482304
"IT CookBook, 마이크로컨트롤러 AVR ATmega128 : 상태도를 이용한 시스템 설계",이상설 ,,2013-07-02,9788998756376
자바 객체지향 디자인 패턴: UML과 GoF 디자인 패턴 핵심 10가지로 배우는,"정인상 , 채흥석 ",,2014-04-28,9788968480911
"IT CookBook, 전자회로 : 핵심 개념부터 응용까지","강문식 , 신경욱 ",,2013-07-25,9788998756482
"IT CookBook, 단계별로 따라하며 배우는 디지털 공학 실험","이승호 , 민경옥 ",,2013-08-21,9788998756499
"IT CookBook, 디지털 실험 : with PSpice",홍순관 ,,2013-12-31,9788998756772
리팩토링: 코드 품질을 개선하는 객체지향 사고법,마틴 파울러 ,김지원 ,2012-11-01,9788979149715
"IT CookBook, 회로이론 : Circuits","Fawwaz T. Ulaby , Michel M. Maharbiz ","박병국 , 조성재 , 강인만 , 김중빈 ",2014-07-22,9791156641193
Head First Java: 뇌 회로를 자극하는 자바 학습법(개정판),"케이시 시에라 , 버트 베이츠 ",서환수 ,2005-11-16,8979143710
읽기 좋은 자바스크립트 코딩 기법: 유지보수가 쉬운 코드로 팀의 생산성을 높이자,니콜라스 자카스 ,김광호 ,2013-01-26,9788979149883
"IT CookBook, 처음 만나는 회로이론",방성완 ,,2016-01-12,9791156642350
easy LED : 초보자를 위한 LED 가이드북,홍순관 ,,2017-01-02,9791156643005
Head First Programming : 파이썬으로 처음 배우는 프로그래밍,"폴 배리 , 데이빗 그리피스 ",강권학 ,2011-03-17,9788979148190
"IT CookBook, 기초 전기전자 에센스","모현선 , 장성용 , 홍익표 ",,2016-12-31,9791156642978
"IT CookBook, 단계별로 배우는 전자회로 실험 : 기본 소자부터 응용 회로까지",이강윤 ,,2014-06-05,9791156641117
누워서 읽는 알고리즘: 프로그래밍 상상력을 키워주는 알고리즘 이야기,임백준 ,,2015-10-16,9788968482274
"팟캐스트 나는 프로그래머다: 뉴욕, 서울, 도쿄 개발자의 촌철살인 IT 이야기","임백준 , 정도현 , 김호광 ",,2015-10-19,9788968482281
나는 프로그래머다,임백준외 6명 ,,2004-03-16,8979142749
"IT CookBook, 기초전자실험 : with PSpice",홍순관 ,,2013-03-19,9788998756123
뇌를 자극하는 C 프로그래밍,서현우 ,,2005-10-01,8979143443
이것이 C 언어다,서현우 ,,2014-05-20,9788968481024
읽기 좋은 코드가 좋은 코드다: 더 나은 코드를 작성하는 간단하고 실전적인 테크닉,"더스틴 보즈웰 , 트레버 파우커 ",임백준 ,2012-04-26,9788979149142
"IT CookBook, MATLAB으로 배우는 공학 수치해석",방성완 ,,2014-01-24,9788998756840
Effective Unit Testing : 클린 코드와 좋은 설계를 이끄는 단위 테스트,라쎄 코스켈라 ,이복연 ,2013-11-11,9788968480621
프로그래머로 사는 법: 프로그래머의 길을 걸어가는 당신을 위한 안내서,샘 라이트스톤 ,서환수 ,2012-10-17,9788979149623
"IT CookBook, New 데이터통신과 네트워킹 : 차세대 통신을 위한 밑그림",강문식 ,,2014-11-27,9791156641421
자바스크립트 성능 최적화: High Performance JavaScript,니콜라스 자카스 ,한선용 ,2011-09-15,9788979148558
프로그래머의 리더십,정영훈 ,,2015-01-05,9788968481512
이것이 자바다,신용권 ,,2015-01-06,9788968481475
"IT CookBook, 전기전자공학 개론(개정 5판)",Stan Gibilisco ,"권기영 , 윤석범 , 정영배 ",2013-02-11,9788998756017
Head First Servlets & JSP(개정판) : 상상력을 자극하는 몰입의 학습법,"케이시 시에라 , 버트 베이츠 , 브라얀 바샴 ",김종호 ,2009-02-02,9788979146639
임백준의 대살개문,임백준 ,,2016-04-28,9788968482748
"Blog2Book, 아는 만큼 보이는 데이터베이스 설계와 구축",이춘식 ,,2008-07-04,9788979145571
"IT CookBook, 디지털 집적회로 해석 및 설계","데이비드 하지즈 , 호레스 잭슨 , 레스베 살레 ",김대정 ,2010-08-20,9788979147513
행복한 프로그래밍(개정판),임백준 ,,2016-11-18,9788968484704
제대로 배우는 MATLAB,방성완 ,,2014-10-10,9791156641346
뇌를 자극하는 Java 프로그래밍,김윤명 ,,2006-09-04,8979143974
"Blog2Book, 자바 개발자도 쉽고 즐겁게 배우는 테스팅 이야기",이상민 ,,2009-12-09,9788979147124
"IT CookBook, 쉽게 배우는 데이터 통신과 컴퓨터 네트워크",박기현 ,,2013-09-15,9788998756611
임백준의 아카 시작하기 : Akka 개념 잡기,임백준 ,,2015-10-29,9788968487897
프로그래밍은 상상이다,임백준 ,,2008-09-01,9788979145946
폴리글랏 프로그래밍 : 새로운 자바 언어를 기다리는 히치하이커를 위한 안내서,임백준 ,,2014-03-18,9788968480867
"IT CookBook, 원리로 이해하는 마이크로파 공학",홍익표 ,,2015-07-10,9791156641896
뇌를 자극하는 JSP & Servlet,김윤명 ,,2010-12-15,9788979147506
테스트 주도 개발 : 고품질 쾌속개발을 위한 TDD 실천법과 도구,채수원 ,,2010-06-08,9788979147261
"Blog2Book, 프로젝트 관리자PM를 위한 프로젝트 관리 이야기",신진현 ,,2015-02-27,9788968481048
팟캐스트 나는 프로그래머다 2탄,"임백준 , 정도현 , 김호광 ",,2016-06-23,9788968482908
SQL 레벨업 : DB 성능 최적화를 위한 SQL 실전 가이드,미크 ,윤인성 ,2016-01-22,9788968482519
"자바 8 인 액션 : 람다, 스트림, 함수형 프로그래밍으로 새로워진 자바 마스터하기","라울-게이브리얼 우르마 , 마리오 푸스코 , 앨런 마이크로프트 ",우정은 ,2015-03-19,9788968481796
자바 퍼즐러 : 세상에서 가장 재미있는 자바 책,"조슈아 블로크 , 닐 개프터 ",윤인성 ,2014-12-27,9788968481444
"Blog2Book, 자바 개발자와 시스템 운영자를 위한 트러블 슈팅 이야기",이상민 ,,2011-06-03,9788979148305
드림팀의 악몽: 산으로 가는 팀 프로젝트를 바로잡는 애자일 코칭법,포샤 텅 ,김광호 ,2014-05-16,9788968480973
"IT CookBook, New 정보통신개론 : 기본 이론부터 사물인터넷 개념까지",고응남 ,,2015-07-03,9791156641957
누워서 읽는 퍼즐북 : 뉴욕의 프로그래머 임백준의 퍼즐이야기,임백준 ,,2010-01-15,9788979147193
"IT CookBook, 광통신 공학 : MATLAB과 함께하는 광통신 시스템",이종형 ,,2015-02-24,9791156641759
"IT CookBook, RF 및 초고주파 공학",카이 창(Kai Chang) ,홍익표 ,2014-03-12,9791156641063
SQL 첫걸음: 하루 30분 36강으로 배우는 완전 초보의 SQL 따라잡기,아사이 아츠시 ,박준용 ,2015-10-26,9788968482311
"IT CookBook, 핵심이 보이는 신호 및 시스템 : 기본 이론부터 MATLAB 실습까지",이철희 ,,2015-01-09,9791156641469
MATLAB으로 배우는 공학수학 : Engineering Mathematics,소상균 ,,2014-01-28,9788998756871
Head First SQL : 효율적인 DB 관리를 위한 SQL 학습법,린 베일리 ,박종걸 ,2008-05-28,9788979145601
MATLAB으로 배우는 선형대수학 : Linear Algebra with MATLAB,"이광연 , 설한국 ",,2015-06-10,9791156641841
데이터베이스 첫걸음,"미크 , 기무라 메이지 ",박주항 ,2016-10-10,9788968487316
"IT CookBook, 네트워크 개론(개정판) : 쉽게 배우는 네트워크의 기본 원리",진혜진 ,,2014-01-07,9788998756734
"Blog2Book, 프로젝트 성패를 결정짓는 데이터 모델링 이야기",김상래 ,,2015-09-17,9788968482212
Head First PHP & MySQL: 효과적이고 생동감 넘치는 웹 애플리케이션 만들기,"린 베일리 , 마이클 모리슨 공저 ",홍승표 ,2010-05-07,9788979147391
"IT CookBook, New 인터넷 이해와 활용",김경신 ,,2014-01-09,9788998756703
"Head First PMP : 체계적인 프로젝트 관리를 위한 국제 공인 학습법 (개정3판, PMBOK® 지침서 5판 시험대비용)","제니퍼 그린 , 앤드류 스텔만 ","한동환 , 김기평 ",2014-09-12,9788968481154
"IT CookBook, 디지털 신호 처리 : 기본 이론부터 MATLAB 실습까지",이철희 ,,2013-07-31,9788998756307
RT:FM 두 번째 이야기: 프로그래머로 사는 법,"윤인성 , 김현수 , 유영창 , 이고잉 , 명승은 , 이철혁 ",,2013-07-25,9788968486425
"모던 웹을 위한 Node.js 프로그래밍(개정판) : 페이스북, 월마트, 링크드인이 선택한 자바스크립트 + 노드제이에스 서버 프로그래밍",윤인성 ,,2013-09-03,9788968480430
"IT CookBook, 원리로 이해하는 통신이론 : Analog & Digital Communications",한동석 ,,2015-01-01,9791156641445
수식이 보이는 공학수학 : Engineering Mathematics,장윤석 ,,2013-03-07,9788998756062
최신 공학수학 with Sage Ⅰ,"이상구 , 김영록 , 박준현 , 김응기 , 이재화 ",,2016-01-12,9791156642091
기초 선형대수학 : BASIC LINEAR ALGEBRA,"이광연 , 설한국 , 김진수 ",,2013-11-02,9788998756642
클라이언트-서버 웹 앱 만들기: 자바와 자바스크립트로 배우는 모던 웹 앱 개발,캐지미어 새터노스 ,김은정 ,2014-10-17,9788968481345
이것이 SQL Server다,우재남 ,,2016-06-28,9788968482922
자바스크립트를 말하다 : 가장 간결하면서도 완벽한 자바스크립트 입문서,악셀 라우슈마이어 ,한선용 ,2014-09-12,9788968481192
"IT CookBook, 인터넷 이해와 활용 : 인터넷 기초부터 홈페이지 제작까지(개정2판)","안치현 , 김형철 ",,2014-03-12,9791156641056
"IT CookBook, 영상을 이용한 디지털 신호처리 : 실제적인 사례와 응용","엄민영 , 김성제 ",,2014-01-28,9788998756857
PMP 바이블 : PMP 자격증 취득의 길로 안내하는 가장 확실한 지침서 (전2권 세트),"강정배 , 서정훈 , 이지현 , 박주진 ",,2015-01-07,9788968481604
풀스택 개발자를 위한 MEAN 스택 입문,"애덤 브레츠 , 콜린 J. 이릭 ",박재호 ,2015-08-27,9788968482182
최신 공학수학 with Sage Ⅱ,"이상구 , 김영록 , 박준현 , 김응기 , 이재화 ",,2016-01-12,9791156642107
전공이 보이는 미분적분학: FOR ELECTRICAL & ELECTRONIC ENGINEERS,장윤석 ,,2015-05-30,9791156641827
뇌를 자극하는 PHP 프로그래밍,조명진 ,,2009-07-21,9788979146585
"IT CookBook, 공업수학 : 기본 개념부터 응용까지",이준탁 ,,2015-02-16,9791156641742
"IT CookBook, 통신시스템의 기초 : Fundamentals of Communications Systems",마이클 피츠 ,"고균병 , 이종형 , 장은영 , 홍대기 ",2009-03-09,9788979146554
"IT CookBook, 기초 신호 및 시스템",이철희 ,,2016-07-18,9791156642657
"IT CookBook, SQL Server로 배우는 데이터베이스 개론과 실습","박우창 , 남송휘 ",,2013-07-01,9788998756246
미디어 2.0 : 미디어 플랫폼의 진화,명승은 ,,2008-03-28,9788979145526
"IT CookBook, 웹 기획 기초와 설계(개정판) : 웹 사이트, 인터페이스, 디자인",강은정 ,,2013-09-15,9788998756604
HTML5+CSS3 정복 : 실습 위주의 친절한 HTML5 자습서,김상형 ,,2014-09-28,9788968481277
"뇌를 자극하는 SQL Server 2012 (2권, 관리/응용편)",우재남 ,,2014-04-28,9788968480782
"MongoDB 몽고디비 완벽 가이드 : 페이스북, 트위터가 선택한 NoSQL의 진수를 만나다! (개정2판)",크리스티나 초도로우 ,"이승구 , 김인범 ",2014-04-24,9788968480959
"한 권으로 끝내는 Node & Express(Node 4, Express 4 테스트 완료)",이선 브라운 ,한선용 ,2015-10-24,9788968482229
미적분학,"Carol Ash , Robert B. Ash ","김광수 , 최형규 ",2016-01-21,9791156642343
이것이 우분투 리눅스다,우재남 ,,2017-02-01,9788968484612
"IT CookBook, 디지털 영상처리 입문 : 오감을 자극하는 3차원 입체 학습","신종홍 , 장선봉 , 지인호 ",,2015-02-16,9791156641766
"Modern PHP: 네임스페이스, 트레이트, 클로저부터 모범 사례와 최신 도구까지",조시 록하트 ,정병열 ,2015-10-15,9788968482250
"IT CookBook, PHP 프로그래밍 for Beginner","박대혁 , 강의선 ",,2009-07-08,9788979146318
"IT CookBook, 디지털 통신 시스템 : Digital Communication Systems","정호영 , 임승각 ",,2011-01-31,9788979147988
"IT CookBook, 데이터베이스 개론",김연희 ,,2013-07-03,9788998756253
"IT CookBook, 데이터베이스 관리와 실습(개정판) : MS SQL Server 2008",손광수 ,,2013-07-02,9788998756468
"뇌를 자극하는 SQL Server 2012 (1권, 기본편)",우재남 ,,2013-02-13,9788979149920
"SWEDU, 컴퓨팅 사고력을 키우는 SW 교육 : 파이썬",우재남 ,,2016-07-20,9791156642701
"IT CookBook, 데이터베이스 기초와 실습 : 액세스 2013",김지연 ,,2015-12-28,9791156642404
HBase 완벽 가이드: 하둡 환경에서 실시간 빅데이터 랜덤 엑세스를 제공하는 클라우드 NoSQL,라스 조지 ,이진석 ,2013-01-26,9788979148381
"IT CookBook, PHP 프로그래밍 입문(개정판)",황재호 ,,2013-05-28,9788998756208
정유진의 웹 2.0 기획론: 강력한 웹 2.0 서비스를 만드는 13개의 키워드,정유진 ,,2006-12-15,8979144555
맵리듀스 디자인 패턴 : 하둡과 빅데이터에 효과적인 6가지 방법론과 26가지 실용 패턴,"도널드 마이너 , 아담 슈크 ","이주열 , 오석근 ",2013-07-24,9788968480348
PHP 보안: 몇 줄의 코드로 안전하게,크리스 쉬플릿 ,한동훈 ,2006-03-07,8979143877
멀티 디바이스 UX 디자인 : 사물인터넷 생태계 경험을 지배하는 3가지 핵심 원리,미할 레빈 ,이미령 ,2014-11-12,9788968481307
easy LTE : 초보 기술자를 위한 이동통신 가이드북,이상근 ,,2015-07-10,9791156641834
러닝 자바스크립트,이선 브라운 ,한선용 ,2017-07-01,9788968483387
"IT CookBook, 확률과 랜덤 과정 : Probability, Random Variable and Random Process",정호영 ,,2012-06-29,9788979149388
"IT CookBook, 컴퓨터 비전",오일석 ,,2014-07-01,9791156641216
"IT CookBook, 컴퓨터 구조와 원리 2.0 : 비주얼 컴퓨터 아키텍처",신종홍 ,,2013-08-21,9788998756314
이것이 리눅스다,우재남 ,,2015-06-25,9788968481963
"IT CookBook, 액세스 2007 for Beginner",박명철 ,,2008-12-28,9788979146097
우분투 환경에서 C 언어로 배우는 리눅스 프로그래밍,이이오 준 ,김성재 ,2012-09-24,9788979149531
실시간 분석의 모든 것: 스트리밍 데이터 분석 및 시각화 시스템 구축 가이드,바이런 엘리스 ,이상훈 ,2015-12-11,9788968482298
"IT CookBook, 데이터베이스 기초와 실습 : 액세스 2010",김지연 ,,2013-08-21,9788998756369
실전 하둡 운용 가이드 : 대규모 하둡 클러스터 관리를 위한 필수 노하우,에릭 새머 ,장형석 ,2013-07-24,9788968480300
이것이 우분투 리눅스다,우재남 ,,2017-02-01,9788968484612
린 UX : 린과 애자일 그리고 진화하는 사용자 경험,"제프 고델프 , 조시 세이던 ",김수영 ,2013-10-25,9788968480485
머하웃 완벽 가이드(Mahout in Action): 하둡에 딱 맞는 빅데이터를 활용한 기계학습,"션 오웬 , 로빈 애닐 , 테드더닝 , 엘렌 프리드만 ",안태성 ,2012-10-23,9788979149609
"SWEDU, 컴퓨팅 사고력을 키우는 SW 교육 : 엔트리 & 햄스터","황준 , 박광현 , 이웅재 , 최은정 , 고혜영 , 이재호 , 손예진 , 조민주 ",,2016-09-05,9791156642749
만약 헤밍웨이가 자바스크립트로 코딩한다면,앵거스 크롤 ,김나솔 ,2016-11-04,9788968484742
"IT CookBook, 컴퓨터 아키텍처 : 컴퓨터 구조 및 동작 원리",우종정 ,,2014-08-11,9791156641322
모던 웹을 위한 실시간 사용자 경험(UX) 프로그래밍: 웹사이트에 인터랙티브를 더하는 마술,테드 로덴 ,백기선 ,2012-05-04,9788979149159
"IT CookBook, HTML & CSS for Beginner",황재호 ,,2016-11-10,9791156642794
린 스타트업 실전 UX: 더 빠르고 스마트하게 일하는 린 UX 실행 전략,로라 클라인 ,"김수영 , 박기석 ",2014-09-28,9788968481086
케스케이딩 완벽 가이드 : 빅데이터 분석을 위한 하둡 워크플로우 관리 도구,파코 네이선 ,"오세봉 , 장정호 ",2014-01-17,9788968480775
"IT CookBook, 최신 이동통신 입문 : Mobile Communications",Jochen H. Schiller ,"곽경섭 , 고영채 ",2016-01-04,9791156642084
리눅스 시스템 프로그래밍(개정2판) : 커널과 C 라이브러리로 풀어가는(리눅스 3.x 최신 커널 기반),로버트 러브 ,김영근 ,2014-12-26,9788968481482
린 고객 개발 : 고객의 지갑을 여는 제품 만들기,신디 앨버레즈 ,"박주훈 , 이광호 ",2015-04-27,9788968481864
사물 인터넷 · 웨어러블 Ver 0.9: 새로운 IT 플랫폼을 완성하는 서비스 기획 · UX 가이드,송태민 ,,2015-03-28,9788968481635
만들면서 배우는 기계 학습: 생각을 만드는 빅데이터 기술,오다카 토모히로 ,김성재 ,2012-06-18,9788979149234
하둡 완벽 가이드 : 클라우드 컴퓨팅 구축을 위한 실전 안내서(개정3판),톰 화이트 ,"심탁길 , 김우현 ",2013-06-22,9788968480201
린 스타트업: 실리콘밸리를 뒤흔든 IT 창업 가이드,애시 모리아 ,위선주 ,2012-11-17,9788979149692
린 분석 : 성공을 예측하는 31가지 사례와 13가지 패턴,"앨리스테어 크롤 , 벤저민 요스코비츠 ",위선주 ,2014-01-02,9788968480690
"IT CookBook, 임베디드 리눅스 기초와 응용","우종정 , 사공준 ",,2017-01-24,9791156643135
MongoDB 활용 가이드: 스케일링과 50가지 팁,크리스티나 초도로우 ,이진석 ,2011-12-09,9788979148862
"IT CookBook, 오라클로 배우는 데이터베이스 개론과 실습","박우창 , 남송휘 , 이현룡 ",,2014-06-19,9791156641186
유닉스 리눅스 셸 스크립트 예제 사전,오스미 유스케 ,서수환 ,2015-08-27,9788968482137
"IT EXPERT, 리눅스 커널 프로그래밍",한동훈 ,,2007-01-02,8979144601
"유닉스 리눅스 프로그래밍 필수 유틸리티(개정판) : vim make, gcc, gdb, svn, binutils, autoconf, autotools",백창우 ,,2010-08-01,9788979147599
"뇌를 자극하는 RedHat Fedora 리눅스 서버 & 네트워크, 3판",우재남 ,,2014-09-02,9788968481208
HTML5 보일러플레이트 : 크로스 브라우징과 반응형 웹을 위한 어비의 노하우,송태민 ,,2013-06-30,9788968486395
28일 동안 배우는 리눅스 서버 관리,카사노 히데마츠 ,김성재 ,2014-09-28,9788968481215
기초 미분적분학 : Pre Calculus,함남우 ,,2014-01-28,9788998756819
"리눅스 커널의 이해, 개정 3판","다니엘 보베이 , 마르코 체사티 ",박장수 ,2006-09-28,8979144326
유닉스 리눅스 명령어 사전(개정판),"우종경 , 박종오 ",,2010-11-25,9788979147933
하이브 완벽 가이드: 하둡을 이용한 SQL 기반 빅데이터 분석 도구,"에드워드 카프리올로 , 딘 웜플러 , 제이슨 러더글렌 ",오세봉 외 ,2013-03-28,9788968480072
모바일 보일러플레이트 : 모바일 웹 개발 실무를 위한 어비의 노하우,송태민 ,,2013-10-20,9788968486487
대학수학 Plus : University Mathematics,이재원 ,,2013-10-14,9788998756635
MongoDB 완벽 가이드 : NoSQL의 진수를 만나다!,"크리스티나 초도로우 , 마이클 디롤프 ",윤진석 ,2011-05-19,9788979148251
하둡 완벽 가이드(4판),톰 화이트 ,"장형석 , 장정호 , 임상배 , 김훈동 ",2017-03-01,9788968484599
"IT CookBook, 리눅스 프로그래밍 기초 : 시스템 호출, 라이브러리 함수별 실습","최태영 , 황준하 , 고재필 , 윤현주 , 김용호 ",,2015-08-17,9791156641964
이것이 Windows Server다,우재남 ,,2017-07-01,9788968488610
UNIX V6로 배우는 커널의 원리와 구조 : 고전으로 익히는 운영체제,아오야기 타카히로 ,조만석 ,2014-05-28,9788968480966
기초수학 : Basic Mathematics,"이재원 , 박성욱 ",,2014-03-21,9791156641087
"IT CookBook, Android Studio를 활용한 안드로이드 프로그래밍(개정판)","우재남 , 박길식 ",,2017-02-01,9791156643128
"안드로이드 프로그래밍 정복 4판, 1권",김상형 ,,2016-01-22,9788968482526
공학 핵심수학 : Core Mathematics for Engineering,함남우 ,,2015-01-01,9791156641438
"IT CookBook, 우분투 리눅스 : 시스템 & 네트워크",이종원 ,,2014-07-03,9791156641209
"안드로이드 프로그래밍 정복 4판, 2권",김상형 ,,2016-01-22,9788968482533
"하이브리드 앱을 구현하는 기술 : HTML5, 자바스크립트, 코도바(폰갭)로 만드는 안드로이드와 iOS 앱 개발","구보타 미츠노리 , 아시알 주식회사 ",김성재 ,2015-02-17,9788968481680
공학 기초수학 : Basic Mathematics for Engineering,함남우 ,,2014-07-07,9791156641179
파이썬 라이브러리를 활용한 데이터 분석(수정보완판),웨스 맥키니(Wes Mckinney) ,김영근 ,2013-10-26,9788968480478
"IT CookBook, 페도라 리눅스 : 시스템 & 네트워크",이종원 ,,2014-01-02,9788998756659
"이것이 레디스다 : 초고속 읽기 쓰기를 제공하는 인메모리 기반 NoSQL, Redis",정경석 ,,2013-11-28,9788968480591
클라우드 시스템을 관리하는 기술,"토머스 리몬첼리 , 스트래터 체일럽 , 크리스티나 호건 ",류광 ,2016-02-25,9788968482618
이자론 중심으로 배우는 금융수학 : 보험계리사 시험 대비,이재원 ,,2014-10-10,9791156641315
"IT CookBook, 유닉스 시스템 프로그래밍",이종원 ,,2010-01-12,9788979147155
뇌를 자극하는 Windows Server 2012 R2,우재남 ,,2016-02-05,9788968482366
"IT CookBook, Android Studio를 활용한 안드로이드 프로그래밍(증보판)","우재남 , 박길식 ",,2016-01-03,9791156642480
"IT CookBook, HTML5 웹 프로그래밍 입문(개정판)",윤인성 ,,2016-12-26,9791156643074
모던 웹을 위한 JavaScript + jQuery 입문(3판),윤인성 ,,2017-05-01,9788968483554
만들면서 배우는 HTML5 게임 프로그래밍: PC와 스마트폰을 한 번에 잡는 멀티 플랫폼 게임 프로그래밍,황동윤 ,,2013-06-22,9788968480225
"데이터과학 입문: 구글, MS, 이베이 데이터과학자에게 배우다","레이철 슈트 , 캐시 오닐 ","윤영민 , 허선 , 전희주 , 김정일 , 류자현 ",2014-10-28,9788968481352
웹 엔지니어가 알아야 할 인프라의 기본,바바 토시아키 ,김병국 ,2015-06-28,9788968482014
생생한 사례로 배우는 확률과 통계,이재원 ,,2016-07-15,9791156642619
"IT CookBook, Play 포토샵",원다예 ,,2015-04-27,9791156641803
회사에서 바로 통하는 엑셀+파워포인트 2013&한글 2014,"전미진 , 이화진 , 신면철 ",,2015-04-28,9788968481932
한 권으로 합격하는 MOS 2010 Master,"김경희 , 오해강 ",,2014-12-04,9791156641391
"IT CookBook, 유닉스 이론과 실습(개정판)","윤소정 , 이종원 ",,2013-07-28,9788998756512
ITQ 파워포인트 2010,"장수진, 유우종, 임관철 , 김경희 ",,2016-09-01,9791156642664
백만 방문자와 소통하는 페이스북 마케팅,"종유진 , 최규문 ",,2016-10-10,9788968482601
"IT CookBook, 엑셀과 파워포인트 2013 개정판",강동진 외 4 ,,2015-04-10,9791156641773
엑셀 함수&수식 바이블: 회사에서 필요한 함수&수식은 모두 있다!,최준선 ,,2015-04-28,9788968481826
만들면서 배우는 안드로이드 게임 프로그래밍(개정판),황동윤 ,,2013-06-20,9788968480249
한 권으로 합격하는 MOS 2010 엑셀과 파워포인트,"김경희 , 오해강 ",,2016-08-26,9791156642763
이것이 안드로이드다,박성근 ,,2014-08-25,9788968481178
안드로이드의 모든 것 NDK: C/C++을 이용한 안드로이드 앱 개발 방법,"고현철 , 전호철 ",,2012-09-17,9788979149593
자바 네트워크 소녀 네티,정경석 ,,2015-10-22,9788968482243
"IT CookBook, Eclipse를 활용한 안드로이드 프로그래밍","우재남 , 이복기 ",,2015-01-28,9791156641711
ITQ 한글 2010,"장수진, 유우종, 임관철 , 김경희 ",,2016-09-01,9791156642688
"IT CookBook for Beginner, 인터넷 프로그래밍 기초",고민정 ,,2008-01-28,9788979145557
앱 인벤터 2 : 구글과 MIT 앱 인벤터 개발팀이 안내하는 안드로이드 프로그래밍,"David Wolber , Hal Abelson , Ellen Spertus , Liz Looney ","오일석 , 이진선 ",2015-07-20,9791156641865
회사에서 바로 통하는 액세스 2007,김재훈 ,,2008-01-28,9788979145359
회사에서 바로 통하는 엑셀&파워포인트 2007,"한은숙 , 고경희 ",,2008-06-11,9788979144888
ITQ 엑셀 2010,"장수진, 유우종, 임관철 , 김경희 ",,2016-09-01,9791156642671
After Effects Professional Training book: 모션 그래픽 실무 예제집,이수정 ,,2008-09-19,9788979145960
스크럼 성공전략 : 성공하는 애자일을 위한 30가지 지름길,일란 골드스타인(Ilan Goldstein) ,박남혜 ,2014-09-02,9788968481239
초보자를 위한 안드로이드 스튜디오 : Hello World부터 채팅 앱과 벽돌깨기 게임까지,마츠오카 겐지 ,김성재 ,2016-01-22,9788968482564
회사에서 바로 통하는 플래시 CS3,차우람 ,,2008-08-27,9788979145489
HTML과 나모로 홈페이지 만들기 디자인 스쿨,"김형철 , 안치현 ",,2008-12-12,9788979146462
Designing Web Navigation : 사용자 경험 최적화를 위한 웹 내비게이션 설계 원칙,제임스 콜백 ,김소영 ,2008-03-01,9788979145588
MOS PowerPoint 2007,"이지윤 , 김선희 ",,2013-08-21,9788998756574
MOS Access 2007,이지윤 ,,2013-08-21,9788998756550
MOS Excel 2007 Expert,"이지윤 , 김선희 ",,2013-08-21,9788998756567
"IT CookBook, 웹 프로그래밍 입문 : XHTML, CSS2, JavaScript","김형철 , 안치현 ",,2011-06-28,9788979148329
"IT CookBook, 인터넷 프로그래밍 입문 : HTML, CSS, JavaScript","주성례 , 정선호 , 한민형 , 권원상 ",,2014-02-17,9788998756895
불황을 이기는 색다른 쇼핑몰 COLOR & LAYOUT,"김정인 , 박혜진 , 라임기획 ",,2009-01-28,9788979146059
MOS Word 2007 Expert,"이지윤 , 김주경 ",,2013-08-21,9788998756581
파워포인트 블루스,김용석 ,,2009-05-21,9788979146653
회사에서 바로 통하는 포토샵 CS4,원다예 ,,2009-04-09,9788979146660
딸기케이크의 인물촬영 레시피 : 인물사진의 마법 같은 변화가 시작된다!,강승찬 ,,2007-11-28,9788979144819
회사에서 바로 통하는 엑셀 2007 개정판,전미진 ,,2009-08-21,9788979146776
아담의 플래시 액션스크립트 3.0,임종기 ,,2009-09-26,9788979146882
포토샵 CS 디자인 스쿨(증보판),이문형 ,,2008-02-25,9788979145045
안드로이드의 모든 것 분석과 포팅,"고현철 , 유형목 ",,2011-06-14,9788979147704
회사에서 바로 통하는 파워포인트 2007(개정판),이희정 ,,2009-10-14,9788979146905
"IT CookBook, 초보자의 첫 번째 한글 2007",양숙희 ,,2009-11-05,9788979147018
"IT CookBook, 초보자의 첫 번째 나모 웹에디터 2008",최희식 ,,2009-11-05,9788979146974
회사에서 바로 통하는 일러스트레이터 CS4,박혜진 ,,2009-10-27,9788979147056
디자인 문구 실무 제작&디자인(7년차 디자이너 야우가 알려주는),우보명(야우) ,,2011-07-14,9788979148060
자바7 NIO.2: 파일&네트워크 프로그래밍,앵겔 레너드 ,조태현 ,2012-06-28,9788979149319
회사에서 바로 통하는 엑셀+파워포인트+워드 2010,"전미진 , 이화진 , 신면철 ",,2011-08-22,9788979148534
"만화로 배우는 디지털 카메라, 디카툰","김태정 , 윤지선 , 연두스튜디오 ",,2008-11-14,9788979146189
"IT CookBook, HTML5 웹 프로그래밍 입문",윤인성 ,,2013-07-25,9788998756277
"레아의 감성사진, 두 번째 이야기 : 따뜻한 나날의 조각들",레아(김은정) ,,2010-08-28,9788979147315
애자일 개발과 스크럼 : 더 나은 자신과 팀을 위한 소프트웨어 개발 방법,"노나카 이쿠지로 , 히라나베 겐지 ",이명교 ,2014-07-28,9788968481109
"내 가게, 소셜커머스로 대박나기 : 소상공인을 위한 소셜커머스 활용 가이드 북","손미향 , 구현아 , 이지인 ",,2011-08-23,9788979148473
"임베디드 안드로이드 : 안드로이드 포팅, 확장, 커스터마이징하기",카림 야크무르 ,이성주 ,2015-03-09,9788968481772
누구나 할 수 있는 인포그래픽 with 파워포인트,곽승원(꽉군) ,,2015-11-27,9788968482434
컨설턴트가 알려주는 보고서 작성의 기술 with 파워포인트,홍장표 ,,2015-07-17,9788968481925
호기심디테일의 포토샵 CS5,귀동걸(박귀염) ,,2012-01-05,9788979148893
키노트 프레젠테이션(키노트 사용자를 위한 기본+활용법),윤춘근 ,,2011-11-21,9788979148787
엑셀 2010 바이블,최준선 ,,2011-09-28,9788979148541
사진에 느낌을 담는 여덟가지 방법 : 프로 사진가 스가와라 이치고의 따뜻한 사진의 기술,스가와라 이치고 ,김욱 ,2010-12-07,9788979147674
엑셀 VBA로 쉽게 배우는 금융공학 프로그래밍,"이기홍 , 곽승주 ",,2009-06-01,9788979146738
이것이 편집디자인이다: 편집디자이너가 알아야 할 모든 것,김덕희(CDM The Big) ,,2012-06-18,9788979149340
도와주세요! 뉴(NEW) 아이패드가 생겼어요,이윤환 ,,2012-04-24,9788979149210
아이벤의 블링블링 포토샵,"김현태 , 아이벤 포토샵 카페 ",,2009-09-28,9788979146929
뽀얀의 감성 일러스트레이션 : 포토샵과 일러스트레이터를 이용한 손 느낌 나는 일러스트 기법,뽀얀(김은혜) ,,2012-10-28,9788979149661
쇼핑몰 창업+운영+제작 북(인터넷 쇼핑몰 대표 강사와 함께하는),"정희전 , 착한사진연구소(남상욱 ",,2012-05-24,9788979149173
엑셀 매크로&VBA 바이블: 회사에서 필요한 코드는 모두 있다!,최준선 ,,2012-06-28,9788979149357
좋은 사진을 만드는 김주원의 포토샵 사진 강의,김주원 ,,2012-05-14,9788979149265
안드로이드 멀티스레딩: 비동기 메커니즘으로 날렵하고 안정적인 앱 만들기,안데르스 예란손 ,한대희 ,2015-02-27,9788968481703
맛있는 디자인 일러스트레이터 CS6,우보명 ,,2012-12-12,9788979149890
회사에서 바로 통하는 엑셀 2010 함수 이해&활용,최준선 ,,2012-09-17,9788979149630
맛있는 디자인 포토샵 CS6,"임화연 , 이세련 , 이해령 ",,2013-02-28,9788968480010
회사에서 바로 통하는 엑셀 실무 데이터 분석,최준선 ,,2012-11-20,9788979149807
맛있는 디자인 드림위버 CS6,임화연 ,,2012-10-18,9788979149654
안드로이드 시큐리티 인터널,니콜라이 옐렌코프 ,강권학 ,2015-06-27,9788968481970
"IT CookBook, 엑셀과 파워포인트 2007 실무와 활용","한은숙 , 고경희 ",,2013-03-12,9788998756093
포토샵 디자인 스타일북 : 6 TYPES 20 STYLES,김혜경 ,,2013-05-28,9788968480218
"IT CookBook, 컴퓨터 활용 : 윈도우 7, 한글 2010, 엑셀 2010, 파워포인트 2010","김주영 , 정영준 ",,2013-03-20,9788998756154
스콧 켈비의 사진가를 위한 포토샵 CS6,스콧 켈비(Scott Kelby) ,홍성희 ,2013-07-09,9788968480324
오래가는 UX 디자인: 모바일 시대의 제품 디자인 기본 원칙,반준철 ,,2013-01-24,9788979149982
좋은 사진을 만드는 김주원의 DSLR 사진 입문  : 누구에게도 묻지 못했던 사진에 관한 87가지 질문,김주원 ,,2013-06-11,9788968480232
맛있는 디자인 플래시 CS6,안혜선 ,,2012-11-26,9788979149821
일러스트레이터 트레이닝 북: Illustrator Training Book,박혜진 삐딱대가리 ,,2009-01-28,9788979146240
"IT CookBook, 컴퓨터 실습 : 윈도우 XP, 한글 2007, 엑셀 2007, 파워포인트 2007","김주영 , 정영준 ",,2013-03-20,9788998756185
"IT CookBook, enjoy design 포토샵 CS6",이영주 ,,2013-07-28,9788998756352
"Blog2Book, 프로그래머가 몰랐던 멀티코어 CPU 이야기",김민장 ,,2010-05-20,9788979147407
성능을 100% 끌어내는 멀티코어 애플리케이션 프로그래밍,대릴 고브 ,권오인 ,2012-06-28,9788979149289
좋은 사진을 만드는 ZAKO의 77가지 사진 잘 찍는 법,ZAKO 그룹 ,,2013-10-26,9788968480508
"IT CookBook, enjoy design 플래시 CS6",한형만 ,,2013-12-27,9788998756673
엑셀 2013 바이블 : 회사에서 필요한 기능은 모두 있다,최준선 ,,2013-06-25,9788968480270
"IT CookBook, enjoy design 일러스트레이터 CS6","김경진 , 김부치 ",,2014-01-03,9788998756727
타라 아트(TAHRA ART),김경환(Tahra) ,,2013-07-28,9788968480355
도와주세요! 아이패드가 생겼어요,김태용 ,,2010-11-23,9788979147971
10년차 디자이너에게 1:1로 배우는 일러스트레이터 디자인 강의,장보경(앤하우스) ,,2014-01-08,9788968480768
"IT CookBook, 파워포인트 2007 실무와 활용",고경희 ,,2014-02-17,9788998756901
"IT CookBook, 초보자의 첫 번째 파워포인트 2010",최희식 ,,2013-07-28,9788998756536
좋은 사진을 만드는 정승익의 사진 구도(전면개정판),정승익 ,,2013-11-27,9788968480676
스콧 켈비의 라이트룸 CC 킬러 팁 북,스콧 켈비(Scott Kelby) ,문보라 ,2016-05-31,9788968482854
"IT CookBook, UI/UX 디자인 이론과 실습",이영주 ,,2015-09-23,9791156642022
"IT CookBook, 초보자의 첫 번째 컴퓨터와 인터넷 활용",최희식 ,,2009-11-05,9788979147001
"IT CookBook, 초보자의 첫 번째 워드 2010",최희식 ,,2014-02-19,9788998756987
인포그래픽 프레젠테이션 : 보는 순간 착 달라붙는 인포그래픽 제작 비법 68,곽승원 ,,2014-01-02,9788968480751
"IT CookBook, 초보자의 첫 번째 워드 2007",최희식 ,,2009-11-05,9788979146998
회사에서 바로 통하는 플래시 CS4,"안혜선 , 박영준 ",,2010-02-02,9788979147063
"IT EXPERT, 64비트 멀티코어 OS 원리와 구조 1권: OS 개발 60일 프로젝트",한승훈 ,,2011-07-23,9788979148367
"IT CookBook, 초보자의 첫 번째 액세스 2007",최희식 ,,2009-11-05,9788979146967
"IT EXPERT, 64비트 멀티코어 OS 원리와 구조 2권: OS 개발 60일 프로젝트",한승훈 ,,2011-07-23,9788979148374
나는 일러스트레이터다(개정판) : 비정규 아티스트 밥장이 알려주는 프리랜서의 명쾌한 자기 관리법,밥장 ,,2014-02-07,9788968480805
Thinking About : PPL을 이용한 VC++ 병렬 프로그래밍(2판),김경진 ,,2014-03-17,9788968486548
타라아트2,김경환 ,,2016-05-03,9788968482816
페이스북 시대: 소셜 네트워크를 활용한 비즈니스와 마케팅,클라라 샤이(Clara Shih) ,전성민 ,2010-11-23,9788979147902
도와주세요! 갤럭시가 생겼어요 : 안드로이드폰+어플 활용 사전,안드로이드 스마트폰 공식 사용자모임 카페 ,,2010-11-25,9788979147919
slide:ology - 위대한 프레젠테이션을 만드는 예술과 과학,낸시 두아르떼(Nancy Duarte) ,서환수 ,2010-03-08,9788979147308
"잰양, 티백, 앤하우스의 디자인문구 다락방","류재은 , 김신애 , 장보경 ",,2010-08-26,9788979147643
"IT CookBook, 엑셀 2007 실무와 활용",한은숙 ,,2014-02-17,9788998756918
페이스북 : 기본 사용법 + 모바일 페이스북 + 비즈니스 활용,E.A. Vander Veer ,김태경 ,2010-12-28,9788979147926
회사에서 바로 통하는 액세스 2010,김재훈 ,,2011-01-05,9788979147841
스마트 워크 : 낭만 IT 김국현의 제안,김국현 ,,2011-01-20,9788979148039
회사에서 바로 통하는 일러스트레이터 CS5,박혜진(삐딱대가리) ,,2011-04-28,9788979148244
회사에서 바로 통하는 엑셀&파워포인트 2010,"이희정 , 전미진 ",,2010-09-16,9788979147636
나는 일러스트레이터다 : 비정규 아티스트 밥장이 알려주는 프리랜서의 명쾌한 자기 관리법,밥장 ,,2010-12-23,9788979147858
엑셀 2010 함수 바이블,이동숙 ,,2011-02-28,9788979148084
"소셜 모바일 시대, QR 코드 마케팅 전략","박은숙 , 박윤선 ",,2011-05-17,9788979148282
구글+아이폰 200% 업무 활용법,이임복 ,,2012-01-04,9788979148770
겨울날 눈송이처럼 너를 사랑해,이야기꽃 ,,2015-11-25,9791185933313
너에게 한번뿐인 일곱살엔,권지영 ,,2015-11-12,9791185933306
함께한 시간만큼 자라는 아이들,장윤희 ,,2015-12-28,9791185933290
영어 못하는 서율맘은 어떻게 영어 영재를 키웠나,송후정 ,,2016-01-28,9791185933320
회사에서 바로 통하는 엑셀 2010,한은숙 ,,2011-03-23,9788979147865
초등학교 입학&생활 가이드,"조항미 , 강화진 , 이진화 , 주슬기 ",,2016-01-28,9791185933344
회사에서 바로 통하는 파워포인트 2010,"이상훈 , 김연희 ",,2011-05-03,9788979148015
재료 궁합 딱 맞는 튼튼 이유식,김명희 ,,2016-02-23,9791185933351
내추럴 살림 레시피,염혜리 ,,2016-03-28,9791185933368
더 캔들,이송희(멜로우송) ,,2016-03-02,9791185933337
그리스의 푸른 태양을 여행하다,김혜진 ,,2016-05-27,9791185933405
프렌치 스타일 크리스마스 장식,아나벨 르샤 ,오보배 ,2015-12-11,9791185933184
아기 100일 엄마 100일,"황덕상 , 정민형 ",,2016-04-20,9791185933375
나도 우쿨렐레 잘 치면 소원이 없겠네,한송희 ,,2016-05-31,9791185933429
안녕 엄마 안녕 유럽,김인숙 ,,2016-06-15,9791185933399
여름날 초록처럼 너를 사랑해,"김혜정 , 김혜림 ",,2016-05-10,9791185933382
도와주세요! 아이폰이 생겼어요: iPhone+App 활용 사전,"김현철 , 임희석 , 김태용 ",,2010-05-20,9788979147483
오늘은 종이 접어요,김연수 ,,2013-06-28,9788968480157
구글 실전 바이블 : Google 라이프에 관한 거의 모든 것,라이프해커(김명걸) ,,2012-08-23,9788979149562
Make : Technology on Your Time Volume 07,메이커 미디어 ,한빛미디어 / Make ,2013-12-28,9788968480669
우리집 미술놀이,권지영 ,,2014-01-28,9791195153824
Make : Technology on Your Time Volume 06,메이커 미디어 ,한빛미디어 / Make ,2013-05-21,9788968480188
디자인 굿즈 만들기 with 포토샵&일러스트레이터,김신애 ,,2016-11-01,9788968484766
잘 먹고 더 움직이고 잘 자라,톰 래스 ,김태훈 ,2014-02-28,9791195153831
100만 방문자와 소통하는 파워블로그 만들기,"윤상진 , 함성한 , 승채린 , 조상래 , 김동범 ",,2011-05-28,9788979147957
허리만 펴도 다이어트,기즈 다다아키 ,김혜영 ,2014-06-09,9791195153862
소이캔들 만들기,이송희(멜로우송) ,,2014-01-26,9791195153800
잘 자고 잘 먹는 아기의 시간표,정재호 ,,2014-05-28,9791195153886
오늘은 공룡 접어요,"마리 오노 , 히로아키 타카이 ",c: operated ,2013-06-28,9788968480171
엄마는 약 선생,윤수진 ,,2014-08-04,9791195153893
마사 스튜어트 미술놀이대백과 175,마사 스튜어트 리빙 ,서라미 ,2014-08-14,9791195153879
살고 싶은 집 짓고 싶은 집,강영란 ,,2014-06-28,9791195153855
아이주도 이유식,"질 래플리 , 트레이시 머켓 ",정수진 ,2014-09-25,9791185933030
오늘은 동물 접어요,"마리 오노 , 로신 오노 ",c: operated ,2013-06-28,9788968480164
가족 밥상,오은경 ,,2014-11-24,9791185933078
스웨덴 사람들은 왜 피곤하지 않을까,박민선 ,,2014-04-28,9791195153848
도쿄의 오래된 상점을 여행하다,"여지영 , 이진숙 ",,2014-05-21,9791195153817
플랫폼이란 무엇인가?,윤상진 ,,2012-06-18,9788994120362
Make: Technology on Your Time Volume 04,오라일리 / 메이크 미디어 (Make Media) ,한빛미디어 / Make ,2012-09-28,9788979149586
회사에서 바로 통하는 오토캐드 2007(건축&인테리어 현장밀착형 입문서),심미현 ,,2007-04-23,9788979144666
전투육아,서현정 ,,2014-10-06,9791185933023
"(꼬마해커의 작업실, 수프) 스크래치 : 창의력과 문제해결능력 향상을 위한 첫걸음","김종훈 , 양영훈 ",,2014-03-20,9788968480829
2인 밥상,오은경 ,,2014-11-24,9791185933061
Make: Technology on Your Time Volume 03,오라일리 / 메이크 미디어 (Make Media) ,한빛미디어 / Make ,2012-04-02,9788979149128
따뜻한 한 끼 식사빵,이유선 ,,2016-06-01,9791185933412
"밥장, 몰스킨에 쓰고 그리다","밥장(글) , 강연욱(사진) ",,2016-02-26,9788968482571
초간단 촉감놀이 150+,아시아 시트로 ,김세영 ,2016-08-01,9791185933436
핀테크: IT와 금융이 만나는 새로운 세상,"강창호 , 이정훈 ",,2015-06-28,9788968482007
NDC ART BOOK,2016 넥슨 개발자 콘퍼런스 전시 작가 ,,2016-04-18,9788968482847
지금 당장 써먹는 윈도우 10 마스터북,박광수(아크몬드) ,,2015-12-28,9788968482489
지금 당장 회계공부 시작하라,"강대준 , 신홍철 ",,2012-11-13,9788994120461
위기론과 불패론 사이에서 : 새로운 중국을 말하다,랑셴핑 ,차혜정 ,2011-05-25,9788994120164
"IT CookBook, 쉬운 영어로 읽는 최신 전산 영어(개정3판)",조준모 ,,2015-12-30,9791156642039
"이케아, 북유럽 스타일 경영을 말하다",앤더스 달빅 ,김은화 ,2013-10-22,9788994120294
대통령을 위한 경제학,최용식 ,,2012-11-06,9788994120478
소리로 팔아라,"조엘 베커맨 , 타일러 그레이 ",구세희 ,2015-07-14,9791157840151
지금 당장 경영학 공부하라,김태경 ,,2014-09-12,9788994120881
"이나모리 가즈오 1,155일간의 투쟁",오니시 야스유키│ ,송소영 ,2013-11-02,9788994120300
움직이는 사물의 비밀: DIY를 위한 기계와 메커니즘의 기초,더스틴 로버츠 ,"랜덤웍스 , 윤진서(공역) ",2012-12-23,9788979149869
소로우처럼 살라,박홍순 ,,2015-09-07,9791157840946
아이와 함께 할 수 있는 50가지 위험한 실험,"게버 털리 , 줄리 스피글러 ",c: operated ,2013-04-21,9788968480089
런던 비즈니스 산책,박지영 ,,2013-11-02,9788994120706
저는 주식투자가 처음인데요! 2탄,강병욱 ,,2014-09-12,9788994120898
안나여 저게 코츠뷰의 불빛이다,우에무라 나오미 ,김윤희 ,2011-03-24,9788994120140
"IT CookBook, 컴퓨터 개론 : 쉽게 배우는 컴퓨터 기본 원리","김종훈 , 김종진 ",,2013-03-12,9788998756055
말하고 듣고 대화하는 Physical Computing 아두이노,Todd Holoubek(백토담) ,,2014-03-28,9788960558373
저는 세일즈가 처음인데요,박성준 ,,2016-05-16,9791157841271
하루 한 식물,마키노 도미타로 ,안은미 ,2016-04-11,9791157841240
전자부품 백과사전 vol.1 : 전력 전원 및 변환,찰스 플랫 ,배지은 ,2014-12-26,9788968481505
나쁜 뉴스의 나라,조윤호 ,,2016-05-20,9791157841264
메이커 운동 선언 : 테크숍 CEO가 말하는 미래를 지배할 혁신의 원칙,마크 해치 ,정향 ,2014-05-20,9788968480980
어떻게 경영을 공부할 것인가,신승훈 ,,2016-06-20,9791157841301
갈 곳이 없는 남자 시간이 없는 여자,미나시타 기류 ,이서연 ,2016-06-17,9791157841219
내 가게로 퇴근합니다,이정훈 ,,2016-07-04,9791157841325
3D 프린팅 넥스트 레볼루션 : 3D 프린터가 가져올 미래,크리스토퍼 바넷 ,"길이훈 , 김상태 ",2014-09-22,9788994120904
업무의 잔기술,야마구치 마유 ,김현화 ,2016-07-19,9791157841332
"IT CookBook, 익스플로링 아두이노",JEREMY BLUM ,김찬웅 ,2014-05-26,9791156641070
남자는 무엇으로 싸우는가,신기주 ,,2016-06-30,9791157841318
맨박스 Man Box,토니 포터 ,김영진 ,2016-08-10,9791157841387
처음 시작하는 인텔 갈릴레오,매트 리처드슨 ,이호민 ,2014-10-28,9788968481314
"문예적인, 너무나 문예적인",아쿠타가와 류노스케 ,정수윤 ,2016-08-20,9791157841400
"IT CookBook, 컴퓨터 사이언스(개정판) : 새내기를 위한 최신 컴퓨터 개론","이동명 , 권오현 , 고정국 ",,2015-12-28,9791156642428
어느 날 400억 원의 빚을 진 남자,유자와 쓰요시 ,정세영 ,2016-10-15,9791157841509
셰어하우스 부자들,김정미 ,,2016-08-05,9791157841394
보고 시픈 당신에게,강광자 외 86명 ,,2016-10-10,9791157841516
내 아버지들의 자서전,오도엽 ,,2016-11-10,9791157841561
월급 역전,신우익 ,,2016-08-30,9791157841455
미라클모닝 다이어리,할 엘로드 ,이현주 ,2016-11-16,9791157841554
저는 기업분석이 처음인데요 (완전 개정판),강병욱 ,,2016-09-28,9791157841493
어느 물리학자의 일상,데라다 도라히코 ,안은미 ,2016-11-20,9791157841578
직장인 4대 비극,"천영준 , 김나영 ",,2014-10-06,9788994120911
기획은 퍼즐이다,박경수 ,,2014-11-18,9788994120942
게스트하우스 창업 A to Z,김아람 ,,2014-10-06,9791185933016
이 언니를 보라 : 세상에 불응한 여자들의 역사,박신영 ,,2014-11-27,9788994120959
쓸데없는 걱정 따위,시마자키 칸 ,전선영 ,2016-08-30,9791157841448
오빠를 위한 최소한의 맞춤법,이주윤 ,,2016-11-30,9791157841585
이스라엘 비즈니스 산책 : 세계가 주목한 스타트업의 요람,박대진 ,,2014-12-17,9788994120973
"지적 대화를 위한 넓고 얕은 지식: 역사, 경제, 정치, 사회, 윤리 편",채사장 ,,2014-12-04,9788994120966
초보자를 위한 Linux & Unix C 프로그래밍,"김종훈 , 김종진 , 김동균 ",,2003-08-19,8979142455
디즈니 유니버시티,더그 립 ,"신제구 , 박세환 ",2014-10-28,9788994120935
경제학을 입다/먹다/짓다,박정호 ,,2015-01-09,9791157840045
지금 당장 경영전략 공부하라,김남국 ,,2015-01-09,9788994120980
세이버메트릭스 레볼루션,"벤저민 바우머 , 앤드루 짐발리스트 ",송민구 ,2015-03-19,9791157840083
비즈니스 모델을 훔쳐라,이마에다 마사히로 ,서라미 ,2015-04-07,9791157840106
경제학자의 미술관,최병서 ,,2014-10-16,9788994120928
"지적 대화를 위한 넓고 얕은 지식: 철학, 과학, 예술, 종교, 신비 편",채사장 ,,2015-01-28,9788994120997
핀테크 세상을 열다 : 30편의 카툰으로 만나는 핀테크 이야기,"김동우 , 김진영(로아컨설팅) ",,2015-12-05,9788968482458
하버드 30초 통계학,하버드비즈니스리뷰 ,이제용 ,2015-06-04,9791157840144
저는 재테크가 처음인데요,김태형 ,,2014-01-07,9788994120713
뉴욕 비즈니스 산책,엄성필 ,,2014-02-25,9788994120751
엄마와 집짓기,한귀은 ,,2013-12-27,9788994120720
처음부터 다시 시작할 수 있다면,임재성 ,,2014-01-15,9788994120737
저는 부동산경매가 처음인데요2 권리분석 완전정복,신정헌 ,,2014-03-28,9788994120782
최고가 되라,에릭 라르센 ,김정희 ,2014-04-28,9788994120799
경제학자의 문학살롱,박병률 ,,2014-05-26,9788994120805
지금 당장 기획공부 시작하라,박경수 ,,2014-06-11,9788994120812
저는 인문학이 처음인데요!,박홍순 ,,2014-03-06,9788994120768
"넷플릭스, 스타트업의 전설",지나 키팅 ,박종근 ,2015-02-27,9791157840052
장자처럼 살라,박홍순 ,,2014-07-15,9788994120850
삶은 어떻게 책이 되는가,임승수 ,,2014-06-11,9788994120829
상하이 비즈니스 산책,김명신 ,,2014-07-25,9788994120867
저는 심리학이 처음인데요,강현식 ,,2014-08-13,9788994120874
삐딱해도 괜찮아,박신영 ,,2014-03-24,9788994120775
명륜동 행복한 상담실,선안남 ,,2015-04-27,9791157840120
사장의 정도,고미야 가즈요시 ,김힘찬나 ,2014-07-07,9788994120843
딥 스마트 : 똑똑한 조직을 만드는 탁월한 리더,이정규 ,,2011-06-12,9788994120171
지금 당장 금리공부 시작하라,윤채현 ,,2011-10-06,9788994120195
경제학자의 인문학서재,"김훈민 , 박정호 ",,2012-01-02,9788994120232
나는 무적의 회사원이다,손성곤 ,,2014-06-20,9788994120836
저는 주식투자가 처음인데요 완전개정판,강병욱 ,,2015-07-02,9791157840182
화이트칼라의 범죄자들 : 그들은 어떻게 세상을 속였는가?,카리 나스 ,김정혜 ,2011-11-10,9788994120218
"그래도, 달러다","윤채현 , 이남수 ",,2012-07-03,9788994120379
"탱고 경영 : 마켓 3.0 시대, 기업 서열을 뒤집는 비즈니스 플랫폼 전략",형원준 ,,2012-05-15,9788994120324
시장경제의 재발견,"KDI , MERI ",,2012-08-20,9788994120287
지금 당장 세계경제 공부하라,박유연 ,,2012-08-20,9788994120409
저는 차트분석이 처음인데요!,강병욱 ,,2012-08-28,9788994120416
주식을 사려면 마트에 가라,크리스 카밀로 ,차백만 ,2012-05-07,9788994120331
마흔의 서재 : 마흔에 멈추어 읽는 책이 남은 인생의 길이 된다,장석주 ,,2012-11-06,9788994120454
라디오헤드로 철학하기,브랜든 포브스 외 ,김경주 ,2012-07-23,9788994120386
18년이나 다닌 회사를 그만두고 후회한 12가지,와다 이치로 ,김현화 ,2015-09-11,9791157840229
싱커스50 혁신은 어떻게 일어나는가,돈 탭스코트 외3 ,구세희 ,2015-11-10,9791157840953
보수는 어떻게 국민을 속이는가,조슈아 홀랜드 ,이은경 ,2012-10-08,9788994120430
지금 당장 재무설계 공부하라,김태형 ,,2011-11-04,9788994120201
싱커스50 전략은 어디로 향하는가,김위찬 외4 ,구세희 ,2015-11-10,9791157840960
"서른넷, 물음표 위에 서다",권은아 ,,2012-08-16,9788994120393
싱커스50 경영이란 무엇인가,헨리 민츠버그 외3 ,장희재 ,2015-11-10,9791157841011
지금 당장 마케팅 공부하라,구자룡 ,,2012-09-28,9788994120423
면접이 막막할 때마다 꺼내 읽는 책,제임스 리드 ,문수민 ,2015-12-07,9791157840205
싱커스50 인도의 경영 철학자들,니르말야 쿠마르 외2 ,장희재 ,2015-11-10,9791157840991
내 마음인데 왜 내 마음대로 안 되는 걸까?,김형근 ,,2015-11-26,9791157840250
"부시파일럿, 나는 길이 없는 곳으로 간다",오현호 ,,2015-12-28,9791157841080
저는 부동산경매가 처음인데요! : 레알 생초보의 부동산경매 입문기,신정헌 ,,2012-05-07,9788994120317
도쿄 비즈니스 산책,임상균 ,,2016-01-28,9791157841134
미라클 모닝,할 엘로드 ,김현수 ,2016-02-17,9791157841110
싱커스50 리더십은 누구의 것인가,짐 콜린스 외3 ,김정혜 ,2015-11-10,9791157840977
싱커스50 미래 사상가들에게 묻다,닐로퍼 머천트 외3 ,김정혜 ,2015-11-10,9791157840984
백미진수 : 맛의 사계를 요리하다,단 가즈오 ,심정명 ,2016-03-11,9791157841189
이노베이션 신화의 진실과 오해,스콧버쿤 ,"임준수 , 서상원 ",2008-01-23,9788979145502
"장정일, 작가 : 43인의 나를 만나다",장정일 ,,2016-02-02,9791157841127
회사에서 바로 통하는 돋보이는 기획서,이시오카 히로쿠니 ,전경아 ,2009-01-14,9788996185512
0.1% 진짜 부자들의 습관,가케고시 나오키 ,이서연 ,2015-12-10,9791157840267
지금 당장 해외 ETF 공부하라,"최현준 , 박선후 ",,2009-12-28,9788994120003
저는 주식투자가 처음인데요! 레알 생초보의 주식투자 입문기,강병욱 ,,2010-10-11,9788994120096
지금 당장 환율공부 시작하라(개정판),"윤채현 , 박준민 ",,2010-04-10,9788994120034
지금 당장 환위험을 관리하라,이성열 ,,2009-10-21,9788996185598
우리는 왜 위험한 것에 끌리는가,리처드 스티븐스 ,김정혜 ,2016-03-22,9791157841202
경제학자의 영화관,박병률 ,,2012-12-26,9788994120492
지금 당장 돈의 흐름 공부하라,윤채현 ,,2009-08-18,9788996185574
왜 구글인가,마키노 다케후미 ,정정일 ,2010-11-17,9788994120102
지금 당장 원자재 공부 시작하라,"윤채현 , 정용구 ",,2009-12-28,9788994120010
착한 사람들이 이긴다,모기룡 ,,2013-03-25,9788994120546
미친 세상에서 용감하게 살아가기,로버트 비스워스-디너 ,민지영 ,2013-01-08,9788994120508
저는 부동산경매가 처음인데요(최신 개정판),신정헌 ,,2016-01-01,9791157841141
영월드 라이징,롭 살코위츠 ,황희창 ,2011-02-23,9788994120133
망각의 즐거움,임희택 ,,2013-06-10,9788994120607
모방의 경제학,"칼 라우스티아라 , 크리스토퍼 스프리그맨 ",이주만 ,2013-04-12,9788994120560
지금 당장 환율공부 시작하라 2,윤채현 ,,2013-01-14,9788994120515
지금 당장 재테크 공부하라,이동훈 ,,2013-06-28,9788994120584
모든 순간의 인문학,한귀은 ,,2013-05-28,9788994120577
마음의 암호에는 단서가 있다,모차오 ,최인애 ,2011-02-28,9788994120126
월급쟁이를 위한 부동산 경매,오은석 ,,2013-04-28,9788994120553
메소드 스타일,에릭 라이언 + 애덤 라우리 ,구세희 ,2013-08-21,9788994120669
저는 경제공부가 처음인데요!,곽해선 ,,2013-08-21,9788994120652
경제습관을 상속하라 : 살면서 반드시 알아야 할 8가지 돈의 원칙,조진환 ,,2013-02-20,9788994120522
유쾌한 혁명을 작당하는 공동체 가이드북,세실 앤드류스 ,강정임 ,2013-10-17,9788994120690
제대로 시작하는 기초 통계학 : Excel 활용,노경섭 ,,2016-06-10,9791156642565
"청춘, 홀로 서면 외롭지 않다",김이율 ,,2013-07-09,9788994120621
회사에서 바로 통하는 엑셀 데이터 활용+분석,"김경자 , 송선영 ",,2016-06-30,9788968482823
경제학자의 인문학 서재 2,박정호 ,,2013-06-10,9788994120614
마이 리얼 유럽,마이리얼트립 ,,2016-08-25,9791185933443
가장 좋은 사랑은 아직 오지 않았다,한귀은 ,,2013-09-09,9788994120676
나에게 와줘서 고마워,공인영 ,,2016-10-14,9791185933474
가을날 달님처럼 너를 사랑해,김유진 ,,2016-09-07,9791185933450
굴리굴리 프렌즈 컬러링북,김현 ,,2016-11-15,9791185933504
회사에서 바로 통하는 엑셀 실무 강의,전미진 ,,2016-09-08,9788968484919
치앙마이를 가장 멋지게 여행하는 방법,"신중숙 , 방콕커플 ",,2017-02-01,9791185933535
"IT CookBook, 전자상거래와 e-비즈니스(개정3판)",이동훈 ,,2015-12-28,9791156642435
꽃씨를 닮은 아가에게,김현 ,,2017-02-10,9791185933573
올바른 유아식,"배민경 , 정재호 ",,2016-11-28,9791185933511
제대로 알고 쓰는 논문 통계분석 : SPSS & AMOS 21,노경섭 ,,2014-02-07,9791156641001
기적의 아빠육아,황성한 ,,2017-04-01,9791185933580
이것이 인포그래픽이다,원다예 ,,2016-08-22,9788968484933
인생의 한 수를 두다,장석주 ,,2013-08-07,9788994120638
지금 당장 경제지표 공부하라,"윤채현 , 허정호 ",,2013-10-07,9788994120683
리얼 상하이  PLUS 항저우·쑤저우,도선미 ,,2017-06-15,9791185933559
예비맘을 위한 선물 세트,"공인영 , 김현 ",,2017-04-26,9791185933481
나도 손글씨 잘 쓰면 소원이 없겠네,이호정(하오팅캘리) ,,2017-09-20,9791188007059
나도 피아노 잘 치면 소원이 없겠네,"모시카 뮤직(이은별, 서은성) ",,2016-11-30,9791185933498
리얼 오사카 교토 PLUS 고베 나라,"황성민 , 정현미 ",,2017-03-27,9791185933542
맥 쓰는 사람들과 함께하는 macOS 시에라,고래돌이 ,,2017-02-15,9788968484582
회사에서 바로 통하는 엑셀 2016 FOR STARTERS,전미진 ,,2017-03-15,9788968483455
나도 피아노 폼 나게 잘 치면 소원이 없겠네,"모시카 뮤직(이은별, 서은성) ",,2017-07-31,9791188007042
처음 양모인형,이민종 ,,2017-04-17,9791188007011
NDC ART BOOK 2017,2017년 넥슨 개발자 콘퍼런스 아트 전시회 참여 작가 ,,2017-04-28,9788968483516
아이주도이유식 레시피북,이상이 ,,2017-05-15,9791185933597
좋은 사진을 만드는 정승익의 사진 노출 (전면개정판),정승익 ,,2017-01-31,9788968484735
회사에서 바로 통하는 한글 NEO FOR STARTERS,신면철 ,,2017-06-28,9788968488092
"웹툰, 만화, 일러스트레이션 제작을 위한 클립 스튜디오","이상화 , 홍지혁 ",,2017-04-17,9788968483530
회사에서 바로 통하는 엑셀 함수 실무 강의,"김경자 , 송선영 ",,2017-05-31,9788968488054
리얼 홍콩PLUS 마카오,정의진 ,,2017-08-21,9791185933566
회사에서 바로 통하는 엑셀+파워포인트 2016&한글 NEO,"전미진 , 이화진 , 신면철 ",,2017-07-12,9788968483363
마인크래프트 슈퍼 건축 레시피,"히류 , 이마이 산타로 ",곰다비 ,2017-06-05,9788968483325
UX/UI 디자이너를 위한 스케치 완전정복,조정옥 ,,2017-08-15,9788968488689
세상에서 제일 친절한 엑셀,박재영 ,,2017-04-05,9788968484605
회사에서 바로 통하는 엑셀 2016,한은숙 ,,2017-07-05,9788968483356
허팝과 함께하는 유튜브 크리에이터 되기,"허팝 , 강전희 , 안정기 ",,2017-09-28,9791162240007
Zero to Maker: 누구나 메이커가 될 수 있다,데이비드 랭 ,장재웅 ,2015-02-27,9788968481710
회사에서 바로 통하는 엑셀&파워포인트 2016,"전미진 , 이화진 ",,2017-07-07,9788968483332
Make: 라즈베리 파이 로봇,볼프람 도낫 ,이하영 ,2015-08-27,9788968482144
Maker Pro : 메이커 프로,존 베이첼 ,정향 ,2015-07-28,9788968482038
맛있는 디자인 포토샵 CC 2017,"윤이사라(포완카) , 박효근 ",,2017-07-03,9788968480003
일상 무기 제작법 1 : 생활용품으로 전투 무기 만들기,존 오스틴 ,정향 ,2015-10-06,9788968482151
일상 무기 제작법 3 : 생활용품으로 중세의 공성 무기 만들기,존 오스틴 ,정향 ,2016-02-19,9788968482472
맛있는 디자인 일러스트레이터 CC 2017,박정아 ,,2017-10-10,9791162240069
전자부품 백과사전 vol.2 : 신호 처리,찰스 플랫 ,"배지은 , 이하영 ",2015-12-01,9788968482373
하드웨어 스타트업,"르네 디레스타 , 브레이디 포레스트 , 라이언 빈야드 ",정향 ,2016-10-01,9788968484834
Make: 센서,"테로 카르비넨 , 키모 카르비넨 , 빌리 발토카리 ","지영민 , 남기혁 ",2015-09-28,9788968482205
메이커 매뉴얼,"안드레아 마이에타 , 파올로 알리베르티 ",남기혁 ,2016-07-01,9788968482885
핸드메이드 일렉트로닉 뮤직,니콜라스 콜린스 ,임지순 ,2016-03-04,9788968482632
프로젝트로 배우는 라즈베리 파이,도날드 노리스 ,임지순 ,2015-04-24,9788968481888
아두이노 101,서영배 ,,2016-10-15,9788968484780
3D 프린터 101,"안상준 , 정재학 ",,2017-03-02,9788968483424
처음 시작하는 드론,"테리 킬비 , 베린다 킬비 ","이하영 , 감수자_김용현 ",2016-10-01,9788968484841
그래서 나는 억만장자와 결혼했다,오드레 베르농 ,유정애 ,2016-12-15,9791157841615
Make: 액션,사이먼 몽크 ,임지순 ,2016-12-06,9788968484674
전자부품 백과사전 vol.3,"찰스 플랫 , 프레드릭 얀슨 ","배지은 , 이하영 ",2017-05-01,9788968483493
"필사, 쓰는 대로 인생이 된다",김시현 ,,2016-12-22,9791157841639
거절당하기 연습,지아 장 ,임지연 ,2017-01-24,9791157841684
3D 프린팅을 위한 스케치업,리디아 클라인 ,민혜기 ,2017-05-01,9788968483578
고양이 부처는 고민이 없다냥,미야시타 마코토 ,김희은 ,2017-03-17,9791157841752
북유럽 비즈니스 산책,하수정 ,,2017-01-30,9791157841691
프레임 대 프레임,조윤호 ,,2017-03-20,9791157841769
"제4의 물결, 답은 역사에 있다",고평석 ,,2017-04-15,9791157841790
인사담당자 100명의 비밀녹취록,"김도윤 , 제갈현열 ",,2017-02-17,9791157841707
토킹 투 크레이지,마크 고울스톤 ,이지연 ,2017-05-22,9791157841868
Make: 심플 로봇,케이티 세서리 ,임지순 ,2016-08-01,9788968484971
일상 무기 제작법 2 : 생활용품으로 첩보 무기 만들기,존 오스틴 ,정향 ,2015-12-01,9788968482328
원자재전쟁,유태원 ,,2017-04-24,9791157841806
저는 재테크가 처음인데요 완전 개정판,김태형 ,,2017-04-26,9791157841837
나는 중국이 매일 낯설다,이상관 ,,2017-06-30,9791157841905
어휘력이 교양이다,사이토 다카시 ,장은주 ,2017-04-03,9791157841738
잠시 멈춤이 필요한 순간,저우궈핑 ,정세경 ,2017-07-25,9791157841981
"다시, 논어",박영규 ,,2017-05-25,9791157841851
천 명의 눈 속에는 천 개의 세상이 있다,가오밍 ,이현아 ,2017-06-30,9791157841936
조르바의 인생수업,장석주 ,,2017-05-20,9791157841844
지적 생활 습관,도야마 시게히코 ,장은주 ,2017-08-10,9791157841998
더 저널리스트,어니스트 헤밍웨이 ,김영진 ,2017-08-15,9791157842018
꿈이 이루어지는 엄마의 가계부 2018,이지영 ,,2017-10-10,9791188007066
스케치업 & V-Ray 트레이닝 북,강석창 ,,2017-10-16,9791162240076
iOS 9 핵심 노트,야곰 ,,2015-10-14,9788968487545
"도커 오케스트레이션 : 애플리케이션 빌드, 테스트, 배포의 통합 관리",슈리크리슈나 홀라 ,이기곤 ,2015-12-10,9788968487934
"IT CookBook, GOOD JAVA : 프로그래밍을 시작하는 사람들을 위한",우재남 ,,2016-02-16,9791156642442
"IT CookBook, 디지털 콘텐츠 기획",김성은 ,,2016-06-27,9791156642718
개발자를 위한 오라클 SQL 튜닝,이경오 ,,2016-02-16,9788968487996
실무자를 위한 C++ AMP 핵심 노트,기창서 ,,2016-01-22,9788968487972
톡톡 창의력 숫자 쓰기,창의수학연구소 ,,2015-12-09,9788968484032
"IT CookBook, 실감나게 배우는 제어공학","한수희 , 이영삼 , 권보규 , 권오규 , 권욱현 ",,2014-01-02,9788998756710
"IT CookBook, C 프로그래밍","강동진, 하숙정, 임수연, 송무희, 박보석 ",,2013-03-20,9788998756161
톡톡 창의력 수학 초등 전학년 - 6권,창의수학연구소 ,,2015-12-09,9788968484445
만들면서 배우는 Swift : 스위프트로 시작하는 iOS 개발,야곰 ,,2014-11-12,9788968486753
긱 아틀라스: 과학과 기술의 발상지 129곳,존 그레이엄-커밍 ,윤진서 ,2015-07-28,9788968482052
톡톡 창의력 미로 찾기,창의수학연구소 ,,2016-04-15,9788968484490
톡톡 창의력 수학 초등 전학년 - 5권,창의수학연구소 ,,2015-12-09,9788968484438
비즈니스 블록체인,윌리엄 무가야 ,"박지훈 , 류희원 ",2017-05-02,9788968483592
톡톡 창의력 수학 초등 전학년 - 1권,창의수학연구소 ,,2015-12-09,9788968484391
톡톡 창의력 수학 초등 전학년 - 3권,창의수학연구소 ,,2015-12-09,9788968484414
이펙티브 디버깅,디오미디스 스피넬리스 ,남기혁 ,2017-05-20,9788968487781
빠르게 훑어보는 구글 클라우드 플랫폼,"조대협 , 최명근 , 최유석 , 윤성재 , 김영균 ",,2016-08-23,9788968488399
"IT CookBook, 운영체제(개정3판)",구현회 ,,2016-06-30,9791156642459
"IT CookBook, Compact C 프로그래밍",김충석 ,,2014-12-15,9791156641483
톡톡 창의력 수학 초등 전학년 - 4권,창의수학연구소 ,,2015-12-09,9788968484421
"IT CookBook for Beginner, C++ 기초","신호철 , 조인현 ",,2013-08-13,9788998756475
"IT CookBook, 전자기학 : ELECTROMAGNETICS","Arlon T. Adams , Jay Kyoon Lee(이재균) ","유태훈 , 허노정 ",2013-08-19,9788998756284
"IT CookBook, 정보 보안 개론과 실습 : 시스템 해킹과 보안(개정판)",양대일 ,,2013-09-15,9788998756628
"IT CookBook, 인공지능 개론",마이클 네그네빗스키 ,김용혁 ,2013-08-13,9788998756451
"IT CookBook, C언어 for Beginner(개정판)",우재남 ,,2014-08-08,9791156641339
"IT CookBook, 윈도우 네트워크 프로그래밍 : TCP/IP 소켓 프로그래밍","김선우 , 필드어드바이저: 김재우 ",,2008-12-01,9788979146387
"IT CookBook, 이동통신 입문 : Mobile Communications",요켄 쉴러(Jochen H. Schiller) ,여운영 ,2008-12-29,9788979146035
Head First Object-Oriented Analysis & Design : 세상을 설계하는 객체지향 방법론,"브렛 맥래프린 , 게리 폴리스 , 데이비드 웨스트 ","신광연 , 박종걸 ",2007-06-28,9788979144949
DirectX 12를 이용한 3D 게임 프로그래밍 입문,프랭크 D. 루나 ,류광 ,2017-05-25,9788968487798
"IT CookBook, 현대 반도체 소자 공학 : Modern Semiconductor Devices for Integrated Circuits",첸밍 후(Chenming Calvin Hu) ,"권기영 , 신형철 , 이종호 ",2013-08-13,9788998756390
오픈소스 도구를 활용한 웹 모의해킹과 침해대응,"석동현 , 김경원 , 양민철 , 조정원 , 박승우 , 김승록 ",,2017-05-30,9788968488511
"IT CookBook, OpenGL로 배우는 3차원 컴퓨터 그래픽스",주우석 ,,2013-08-18,9788998756505
뇌를 자극하는 SQL Server 2008,우재남 ,,2009-03-06,9788979146578
"IT CookBook, 운영체제론 : Operating Systems, 3rd Ed","하비 디텔 , 폴 디텔 , 데이빗 쇼픈스 ",송경희 ,2009-09-04,9788979146844
톡톡 창의력 수학 초등 전학년 - 2권,창의수학연구소 ,,2015-12-09,9788968484407
"IT CookBook, 인터넷 해킹과 보안(개정판) : 정보 보안 개론과 실습",김경곤 ,,2014-01-08,9788998756666
처음 배우는 인공지능,다다 사토시 ,송교석 ,2017-06-01,9788968483318
뇌를 자극하는 C++ 프로그래밍,이현창 ,,2006-07-06,8979144199
처음부터 다시 배우는 서비스 디자인 씽킹,배성환 ,,2017-06-01,9788968487880
"IT CookBook, 윈도우 프로그래밍: Visual C++ MFC Programming(개정판)","김선우 , 신화선 ",,2010-08-02,9788979147551
"IT CookBook, 정보 보안 개론과 실습 : 네트워크 해킹과 보안(개정판)",양대일 ,,2013-07-24,9788998756321
앵귤러 첫걸음,조우진 ,,2017-06-01,9788968486807
"IT CookBook, 핵심이 보이는 반도체 공학",권기영 ,,2015-12-18,9791156642077
"IT CookBook, 네트워크 해킹과 보안 개정3판 : 정보 보안 개론과 실습",양대일 ,,2016-12-28,9791156642770
뇌를 자극하는 TCP/IP 소켓 프로그래밍,윤상배 ,,2011-02-11,9788979148046
"IT CookBook, 패턴인식 개론(개정판)",한학용 ,,2014-02-28,9791156641032
"IT CookBook, C C++로 배우는 자료구조론",주우석 ,,2015-02-24,9791156641780
"IT CookBook, 운영체제(개정판) : 그림으로 배우는 원리와 구조",구현회 ,,2013-07-28,9788998756413
"IT CookBook, 반도체 공학 : 그림으로 보여주는 반도체의 핵심 원리",김동명 ,,2013-08-13,9788998756529
OpenGL Super Bible(개정6판),"그라함 샐러스 , 리처드 S. 라이트 주니어 , 니콜라스 히멜 ","이중기 , 최지호 ",2015-07-23,9788968482045
뇌를 자극하는 C++ STL,공동환 ,,2012-04-26,9788979149135
"게임 개발자를 위한 물리(개정2판) : 차량, 스포츠, 폭발, 모바일 등 게임 물리의 모든 것","브라이언 비발레츠 , 데이비드 버그 ","Pope Kim , 이정훈 , 문정균 ",2014-12-26,9788968481550
최대 성능을 위한 유니티 5 게임 프로그래밍 최적화,크리스 디킨슨 ,"유건곤 , 최종우 ",2017-06-30,9788968488504
"You Don’t Know JS : 타입과 문법, 스코프와 클로저",카일 심슨 ,"이일웅 , 최병현 ",2017-07-01,9788968488528
파이썬 라이브러리를 활용한 머신러닝,"안드레아스 뮐러 , 세라 가이도 ",박해선 ,2017-07-01,9788968483394
톡톡 창의력 수학 초등 교과연계 - 9영역 게임,창의수학연구소 ,,2015-12-09,9788968484353
실전 스프링 부트 워크북,펠리페 구티에레스 ,이일웅 ,2017-06-01,9788968487590
"IT CookBook, 개념이 보이는 물리전자공학",이현용 ,,2013-02-28,9788998756031
톡톡 창의력 수학 초등 교과연계 - 8영역 도형,창의수학연구소 ,,2015-12-09,9788968484346
워드프레스 플러그인 취약점 진단과 모의해킹,"조정원 , 유희만 ",,2015-07-10,9788968487699
톡톡 창의력 수학 초등 교과연계 - 7영역 규칙과 추론,창의수학연구소 ,,2015-12-09,9788968484339
자바스크립트 자료구조와 알고리즘 : 구조적이고 효율적인 자바스크립트 프로그래밍 기법 익히기,마이클 맥밀런 ,우정은 ,2014-08-28,9788968481222
"IT CookBook, C C++ 프로그래밍 : 프로그래밍 기초와 객체지향",김동근 ,,2013-03-12,9788998756086
전문가를 위한 C++ : C++ 11을 대하는 유쾌한 방법(개정판 1권),"마크 그레고리 , 니콜라스 솔터 , 스캇 클레퍼 ",권오인 ,2013-10-17,9788968480386
You Don’t Know JS : 스코프와 클로저,카일 심슨(Kyle Simpson) ,최병현 ,2014-08-29,9788968486333
Node.js 6.x 블루프린트,페르난두 몬테이루 ,"맹기완 , 임보은 ",2017-07-03,9788968487576
You Don’t Know JS : 타입과 문법,카일 심슨(Kyle Simpson) ,이일웅 ,2015-05-26,9788968487507
톡톡 창의력 수학 초등 교과연계 - 6영역 논리와 추론,창의수학연구소 ,,2015-12-09,9788968484322
톡톡 창의력 수학 초등 교과연계 - 5영역 길 찾기와 경우의 수,창의수학연구소 ,,2015-12-09,9788968484315
"IT CookBook, 반도체 공학(개정판)",김동명 ,,2017-02-17,9791156643142
"IT CookBook, C로 배우는 쉬운 자료구조(개정판)",이지영 ,,2013-07-28,9788998756383
전문가를 위한 C++ : C++ 11을 대하는 유쾌한 방법(개정판 2권),"마크 그레고리 , 니콜라스 솔터 , 스캇 클레퍼 ",권오인 ,2013-10-17,9788968480393
Head First Physics : 생생한 게임 개발에 꼭 필요한 물리 이야기,헤더 랭 ,홍형경 ,2010-02-02,9788979147285
톡톡 창의력 수학 초등 교과연계 - 3영역 퍼즐,창의수학연구소 ,,2015-12-09,9788968484292
톡톡 창의력 수학 초등 교과연계 - 4영역 연산 퍼즐,창의수학연구소 ,,2015-12-09,9788968484308
실무에서 바로 통하는 자바,"다케다 하루키 , 와타나베 유지 , 사토 다이치 , 다다 다케아키 , 가미카와 노부히코 ",김성훈 ,2017-07-01,9788968488627
톡톡 창의력 수학 초등 교과연계 - 11영역 공간과 위치,창의수학연구소 ,,2015-12-09,9788968484377
톡톡 창의력 수학 초등 교과연계 - 2영역 비교·측정,창의수학연구소 ,,2015-12-09,9788968484285
톡톡 창의력 수학 초등 교과연계 - 10영역 관찰·기억,창의수학연구소 ,,2015-12-09,9788968484360
톡톡 창의력 수학 예비초등 - 5권,창의수학연구소 ,,2015-12-09,9788968484254
톡톡 창의력 수학 초등 교과연계 - 12영역 문제해결,창의수학연구소 ,,2015-12-09,9788968484384
톡톡 창의력 수학 예비초등 - 6권,창의수학연구소 ,,2015-12-09,9788968484261
톡톡 창의력 수학 예비초등 - 4권,창의수학연구소 ,,2015-12-09,9788968484247
톡톡 창의력 수학 예비초등 - 3권,창의수학연구소 ,,2015-12-09,9788968484230
톡톡 창의력 수학 예비초등 - 2권,창의수학연구소 ,,2015-12-09,9788968484223
"iOS 7 핵심 노트 : Xcode 5, 플랫 UI, API 중심으로 살펴보는 iOS 7",야곰 ,,2013-12-31,9788968486579
톡톡 창의력 수학 초등 교과연계 - 1영역 수와 연산,창의수학연구소 ,,2015-12-09,9788968484278
톡톡 창의력 수학 예비초등 - 1권,창의수학연구소 ,,2015-12-09,9788968484216
톡톡 창의력 수학 7세 - 4권,창의수학연구소 ,,2015-12-09,9788968484162
iOS 8 핵심 노트,야곰 ,,2015-05-15,9788968487491
톡톡 창의력 수학 6세 - 5권,창의수학연구소 ,,2015-12-09,9788968484117
톡톡 창의력 수학 6세 - 4권,창의수학연구소 ,,2015-12-09,9788968484100
"IT CookBook, C로 배우는 쉬운 자료구조(개정3판)",이지영 ,,2016-07-28,9791156642695
톡톡 창의력 수학 6세 - 2권,창의수학연구소 ,,2015-12-09,9788968484087
톡톡 창의력 수학 7세 - 3권,창의수학연구소 ,,2015-12-09,9788968484155
톡톡 창의력 수학 7세 - 5권,창의수학연구소 ,,2015-12-09,9788968484179
생각하며 배우는 대학물리학,이기영 ,,2012-01-05,9788979148978
톡톡 창의력 선 긋기,창의수학연구소 ,,2015-12-09,9788968484025
톡톡 창의력 수학 5세 - 1권,창의수학연구소 ,,2015-12-09,9788968484063
톡톡 창의력 수학 7세 - 6권,창의수학연구소 ,,2015-12-09,9788968484186
톡톡 창의력 색칠하기,창의수학연구소 ,,2015-12-09,9788968484018
톡톡 창의력 종이접기,창의수학연구소 ,,2016-04-15,9788968484506
톡톡 창의력 수학 6세 - 3권,창의수학연구소 ,,2015-12-09,9788968484094
"IT CookBook, 윈도우 프로그래밍 : Visual C++ 2010 MFC Programming","김선우 , 신화선 ",,2014-01-08,9788998756697
"IT CookBook, 기초 전자기학 : Q&A로 쉽게 배우는 기본 원리","곽동주 , 김영학 , 신광호 ",,2013-03-28,9788998756192
톡톡 창의력 수학 7세 - 2권,창의수학연구소 ,,2015-12-09,9788968484148
톡톡 창의력 수학 6세 - 1권,창의수학연구소 ,,2015-12-09,9788968484070
"IT CookBook, 프로그래밍 언어론 : 쉽게 배우는 언어의 원리와 구조","김종훈 , 김종진 ",,2013-07-02,9788998756437
"IT CookBook, 자바로 배우는 쉬운 자료구조",이지영 ,,2013-07-02,9788998756420
톡톡 창의력 수학 7세 - 1권,창의수학연구소 ,,2015-12-09,9788968484131
"IT CookBook, 반도체 공학 연습문제 풀이집",김동명 ,,2013-05-31,9788998756239
"IT CookBook, 프로젝트로 배우는 자바 웹 프로그래밍",황희정 ,,2014-01-09,9788998756680
"IT CookBook, 정보 보안 개론(개정판) : 한 권으로 배우는 보안 이론의 모든 것",양대일 ,,2013-07-02,9788998756260
"IT CookBook, C++ 하이킹 : 객체지향과 만나는 여행","성윤정 , 김태은 ",,2013-06-19,9788998756215
"IT CookBook, TCP/IP 윈도우 소켓 프로그래밍",김선우 ,,2013-07-28,9788998756444
"IT CookBook, 핵심이 보이는 제어공학",김성중 ,,2014-02-19,9788998756826
"IT CookBook, 핵심 API로 배우는 윈도우 프로그래밍",강경우 ,,2015-06-28,9791156641872
"진로개발과 직업세계 : 대학생과 청년층을 위한 진로, 취업지침서","서일수 , 김도균 , 김지혜 , 이정배 ",,2013-02-28,9788998756048
"IT CookBook, 처음 만나는 전자기학",곽동주 ,,2016-06-28,9791156642602
"IT CookBook, 현대 전력전자공학: Introduction to Modern Power Electronics",안제이 트지나로브스키 ,"원충연 , 김영렬 , 이택기 , 정용채 ",2011-03-21,9788979148152
뇌를 자극하는 C# 4.0 프로그래밍,박상현 ,,2011-08-23,9788979148510
"IT CookBook, 윈도우 API 프로그래밍",강경우 ,,2014-01-05,9788998756932
"IT CookBook, 윈도우 프로그래밍 : Visual C++ MFC Programming(개정판)","김선우 , 신화선 ",,2014-02-19,9788998756888
"IT CookBook, ASP.NET 4.0 프로그래밍",김동아 ,,2014-02-19,9791156641025
"IT CookBook, C++ 프로그래밍 기초 : 객체지향의 시작","성윤정 , 김태은 ",,2014-03-12,9791156641049
문제해결력을 키우는 이공계 글쓰기 : 발표와 토론까지,한성우 ,,2013-02-28,9788998756024
"윈도우즈 API 정복(개정판), 제1권",김상형 ,,2006-06-01,8979144210
"IT CookBook, 처음 만나는 자동제어공학",김성중 ,,2016-12-12,9791156642374
뇌를 자극하는 윈도우즈 시스템 프로그래밍,윤성우 ,,2007-03-28,9788979144611
"윈도우즈 API 정복(개정판), 제2권",김상형 ,,2006-06-01,8979144229
"IT CookBook, 원리로 이해하는 전력전자공학 : 기초부터 응용까지","원충연 , 김영렬 , 이택기 , 정용채 , 이병국 ",,2015-12-10,9791156641988
Thinking about C/C++ : 프로그래머가 몰랐던 프로그램의 동작 원리(프로그램 개발편),박수현 ,,2014-03-27,9788968486937
Head First C# : 상상을 초월하는 객체지향 C# 학습법(개정3판),"앤드류 스텔만 , 제니퍼 그린 ",최길우 ,2015-02-27,9788968481659
"IT EXPERT, ASP.NET 2.0 웹 프로젝트와 실전 프로그래밍",조성진 ,,2006-07-03,8979144180
2D 벡터 그래픽스 API 표준 OpenVG 프로그래밍 (기본편),이환용 ,,2014-05-23,9788968486944
"IT CookBook, 멀티미디어 이해와 활용 : 디지털 생활과 연계된 실용 학습","김지현 , 김대영 ",,2013-03-20,9788998756130
뇌를 자극하는 ASP.NET 2.0 프로그래밍,이시환 ,,2006-07-06,8979144083
IT EXPERT 윈도우 시스템 프로그램을 구현하는 기술,이호동 ,,2015-03-28,9788968481789
C++로 온라인 게임 서버 구축하기 : CGSF를 활용한 게임 서버 제작,박주항 ,,2014-07-10,9788968486708
위대한 게임 위대한 기획자,"박찬일 , 최기운 ",,2014-07-14,9788968481130
"IT CookBook, UML 입문 : 친근한 소재로 배우는 객체지향설계","한정수 , 김귀정 , 송영재 ",,2014-07-22,9791156641247
"IT EXPERT, 3D 게임 프로그래밍(개정판)",김용준 ,,2010-04-28,9788979147339
만들면서 배우는 리스프 프로그래밍: Land of LISP,콘래드 바스키 ,조태훈 ,2011-11-18,9788979148756
실무 예제로 배우는 Elasticsearch 검색엔진(기본편),정호욱 ,,2014-03-25,9788968486913
한 권으로 끝내는 정규표현식,"잰 고이바에르츠 , 스티븐 리바이선 ",김지원 ,2010-09-17,9788979147742
자바스크립트와 SVG로 쉽게 만드는 웹 기반 데이터 비주얼라이제이션 D3,마이크 드워 ,양성일 ,2012-11-16,9788979149777
멀티스레드를 위한 자바스크립트 프로그래밍 웹 워커,아이두 그린 ,김보경 ,2012-11-23,9788979149784
Xen으로 배우는 가상화 기술의 이해 - 메모리 가상화,"박은병 , 이상철 , 문대혁 , 김태훈 ",,2013-03-15,9788968486050
Objective-C : 맥과 아이폰 애플리케이션 프로그래밍,오기하라 타케시 ,신상재 ,2009-07-16,9788979146837
"OpenCL 프로그래밍: 애플, AMD, NVIDIA, 인텔이 선택한 병렬처리의 표준",주식회사 Fixstars ,,2012-07-12,9788979149463
Code Simplicity : 소프트웨어 생명 연장을 위한 원칙,맥스 카넷-알렉산더 ,신정안 ,2012-12-03,9788979149913
Head First Ajax : 자꾸 가고 싶은 웹 사이트의 비밀,레베카 리오단 ,"홍승표 , 김은희 ",2009-09-17,9788979146936
스트럿츠 프레임워크 워크북,박재성 ,,2003-10-11,8979142544
"IT CookBook, 스마트 시대의 멀티미디어 : 멀티미디어 기본 이론부터 최신 기술 동향까지","김용태 , 박길철 ",,2014-12-15,9791156641476
DirectX 11을 이용한 3D 게임 프로그래밍 입문,프랭크 D. 루나 ,류광 ,2013-10-11,9788968480577
"IT CookBook, 쉬운 영어로 읽는 최신 전산 영어(개정판)",조준모 ,,2013-03-20,9788998756178
게임 매니악스 액션 게임 알고리즘,"마츠우라 켄이치로 , 츠카사 유키 ",Wisdom Teeth ,2015-06-28,9788968482069
"BACK TO THE BASIC, JAVA 핵심 요약 노트 : 빠르게 훑어보는 자바 프로그래밍",김흥래 ,,2013-03-27,9788968486098
알기 쉽게 풀어 쓴 웹로직과 EJB,김성박 ,,2004-04-14,8979142781
Head First EJB : EJB가 여러분의 머리 속으로,"케이시 시에라 , 버트 베이츠 ",서환수 ,2005-01-15,8979143087
게임 매니악스 슈팅 게임 알고리즘,"마츠우라 켄이치로 , 츠카사 유키 ",손정도 ,2013-10-17,9788968480539
OS X 구조를 이해하면서 배우는 Objective-C(3판) : 맥 OS X와 iOS를 위한 오브젝티브-C 가이드,오기하라 타케시 ,서수환 ,2013-07-24,9788968480331
유니티 개발자를 위한 C#으로 온라인 게임 서버 만들기,이석현 ,,2015-05-07,9788968487484
실무 예제로 배우는 Elasticsearch 검색엔진(활용편),정호욱 ,,2015-03-09,9788968487422
만들면서 배우는 유니티 게임 프로그래밍 : 3D 액션 대전 게임 + NGUI 2.5D 러닝 게임,송용성 ,,2014-09-02,9788968481246
Xen으로 배우는 가상화 기술의 이해 - I/O 가상화,"문대혁 , 이상철 , 박은병 , 김태훈 ",,2013-03-29,9788968486067
C++ 개발자를 위한 WIN32 오픈소스 라이브러리 100,박주항 ,,2014-12-30,9788968487279
처음 시작하는 정규표현식(Regular Expressions) : 언어와 플랫폼을 뛰어넘는 정규표현식을 만나다,마이클 피츠제럴드 ,"이수진 , 이성희 ",2013-04-11,9788968480133
MySQL 퍼포먼스 최적화 : 실무 예제로 다가가는 MySQL 쿼리 작성,성동찬 ,,2013-03-29,9788968486029
IT 거버넌스 : 비즈니스 목표 달성을 위한 IT 전략,스티븐 로메로 ,서기운 ,2013-05-15,9788979149968
빈과 컨테이너 중심으로 빠르게 배우는 스프링 핵심 노트,마드후수단 콘다 ,송지연 ,2013-05-10,9788968486104
"스프링3 입문 : 스프링3.1 지원, 스트럿츠, 하이버네이트, 마이바티스 연계","하세가와 유이치 , 오오노 와타루 , 토키 코헤이 ",김성재 ,2013-10-10,9788968480515
Thinking About: C++ STL 프로그래밍,최흥배 ,,2012-12-21,9788979149937
드루팔(Drupal) : 프로그래머를 위한 가이드,제니퍼 하지던 ,김지원 ,2013-04-30,9788968486081
게임 매니악스 퍼즐 게임 알고리즘,"마츠우라 켄이치로 , 츠카사 유키 ",김병국 ,2013-12-19,9788968480706
C++ AMP : Visual C++와 GPGPU를 이용한 대규모 병렬 프로그래밍,"케이트 그레고리 , 에이드 밀러 ",강권학 ,2013-07-16,9788968480256
Head First iPhone and iPad Development : 사용자 경험 중심의 iOS 앱 개발 입문서 (개정3판),"트레이시 필로네 , 댄 필로네 , 폴 필로네 , 브렛 맥러플린 ",우정은 ,2014-05-28,9788968481055
"안드로이드 프로그래밍 정복 3판, 1권 : 4.4 킷캣(KitKat) 호환",김상형 ,,2013-04-25,9788968480034
빅데이터 처리를 위한 웹 개발 노하우 MongoDB와 PHP,스티브 프랜시아 ,최병현 ,2013-01-07,9788979149951
유니티로 게임을 만드는 10가지 방법 : 장르별 게임 알고리즘 가이드,가토 마사키 ,고승희 ,2014-03-17,9788968480874
"MySQL Troubleshooting : 쿼리 문제, 원인을 알면 해결은 쉽다",스베타 스머노바(Sveta Smirnova) ,강권학 ,2013-02-07,9788979149999
안전한 API 인증과 권한 부여를 위한 클라이언트 프로그래밍 OAuth 2.0,라이언 보이드 ,이정림 ,2013-01-25,9788979149944
소수와 RSA 알고리즘으로 배우는 Big Number 연산 - 구조체와 자료구조의 이해,김세훈 ,,2013-05-21,9788968486074
실전 클라우드 VMware View 가상화,이토추 테크노 솔루션즈 ,김성재 ,2013-02-28,9788979149975
Xen으로 배우는 가상화 기술의 이해 - CPU 가상화,"박은병 , 이상철 , 문대혁 , 김태훈 ",,2013-02-25,9788968486043
모던 C++ : C++14의 핵심 기능을 중심으로,최흥배 ,,2015-03-31,9788968487460
자바 데이터베이스 API를 위한 스프링 데이터 핵심 노트,마드후수단 콘다 ,송지연 ,2013-07-22,9788968486371
당신의 프로그래밍에 디버깅 더하기 : Visual C++ 디버깅 기초에서 고급까지,최흥배 ,,2014-11-21,9788968486586
OpenCV 제대로 배우기,"개리 로스트 브라드스키 , 에이드리안 캘러 ",황선규 ,2009-09-18,9788979146943
파이썬을 이용한 AWS 가이드 : 파이썬과 Boto로 클라우드 관리하기,미치 가나트 ,강권학 ,2013-01-31,9788979143683
프라이버시와 빅데이터 : 빅데이터 시대의 개인정보보호와 사생활,"테렌스 크레이그 , 메리 루들로프 ","이춘식 , 김정환 ",2013-03-11,9788968486036
JSP 바이블 STEP 01 : JSP 시작과 개발환경 구축,조효은 ,,2013-02-28,9788968486012
일주일 만에 끝내는 하이버네이트,마드후수단 콘다 ,송기용 ,2014-11-05,9788968487224
유지보수하기 어렵게 코딩하는 방법: 평생 개발자로 먹고 살 수 있다,로에디 그린 ,우정은 ,2012-07-16,9788979149418
윈도우 런타임을 이용한 실전 앱 개발 Windows 8 앱 개발 가이드,벤 듀이 ,이원영 ,2013-02-27,9788979143706
스마트폰과 태블릿 호환을 위한 안드로이드 앱 프로그래밍,고강태 ,,2012-07-16,9788979149432
프로젝트 성공을 위한 갑과 을의 상생협력 : 21명의 현직 전문가가 전하는 생생한 성공 노하우,이재용 ,,2012-07-16,9788979149449
셰이더 프로그래밍 입문,Pope Kim ,,2012-08-26,9788979149494
빅데이터 윤리 : 윤리적인 빅데이터 사용을 위한 정책 가이드,코드 데이비스 ,강석주 ,2013-03-11,9788979143690
EAI 패턴과 메시징 시스템 개발을 위한 스프링 인티그레이션 핵심 노트,마드후수단 콘다 ,송지연 ,2013-05-28,9788968486128
만들면서 배우는 인터프리터: 컴파일러 이론으로 만드는 나만의 스크립트 언어,하야시 하루히코 ,김성재 ,2012-10-12,9788979149043
Head First Mobile Web: 웹앱으로 진화하는 모바일 웹 개발,"리자 데인저 가드너 , 제이슨 그릭스비 ","이수진 , 이성희 ",2012-09-24,9788979149548
자바 세상의 빌드를 이끄는 메이븐,박재성 ,,2011-03-17,9788979148138
예제로 쉽게 배우는 스프링 프레임워크 3.0,사카타 코이치 ,황선유 ,2012-02-25,9788979148879
세가의 신입 사원 교육 과정에서 배우는 게임 프로그래밍의 정석,히라야마 타카시 ,김성훈 ,2012-02-25,9788979148992
대용량 서버 구축을 위한 Memcached와 Redis,강대명 ,,2012-07-16,9788979149425
일관성 있는 웹 서비스 인터페이스 설계를 위한 REST API 디자인 규칙,마크 마세 ,"권원상 , 김관래 ",2012-10-18,9788979149456
"시스템 장애는 왜 두 번 일어났을까? 미즈호은행, 동일본 쓰나미 그 후 시스템 장애에서 얻은 교훈",『닛케이 컴퓨터』 편집부 ,이영희 ,2012-07-28,9788979149333
웹 프로그래머를 위한 서블릿 컨테이너의 이해,최희탁 ,,2012-09-28,9788979149685
"만들면서 배우는 아이폰 게임 프로그래밍, 개정판","강권학 , 박창민 ",,2012-04-24,9788979149166
자바 개발자를 위한 함수형 프로그래밍,딘 왐플러 ,임백준 ,2012-09-19,9788979149678
Head First iPhone Development: 사용자 경험 중심의 아이폰 앱 개발 입문서,"댄 필로네 , 트레이시 필로네 ",강권학 ,2010-05-07,9788979147421
게이미피케이션: 웹과 모바일 앱에 게임 기법 불어넣기,"게이브 지커맨 , 크리스토퍼 커닝햄 ","정진영 , 송준호 , 김지원 ",2012-04-18,9788979149197
Xcode로 배우는 코코아 프로그래밍,시바타 후미히코 ,신상재 ,2010-09-14,9788979147575
나는 똑딱이 포토그래퍼다,안태영(정민러브) ,,2010-08-04,9788979147612
윈도우 포렌식 실전 가이드 : 사이버 수사를 위한 최고의 실무 지침서,고원봉 ,,2010-10-28,9788979147766
자바스크립트로 시작하는 Vert.x,김대희 ,,2014-07-24,9788968486722
글로벌 소프트웨어를 꿈꾸다,김익환 ,,2010-09-28,9788979147452
Redis 운영 관리 : Redis를 실무에 사용하기 전에 꼭 알아야 하는 실전 전략,강대명 ,,2013-08-30,9788968486470
C++로 온라인 게임 서버 구축하기 : CGSF 파헤쳐 보기,박주항 ,,2014-08-25,9788968486760
2D 벡터 그래픽스 API 표준 OpenVG 프로그래밍 (심화편),이환용 ,,2014-08-27,9788968487125
해커스 : 세상을 바꾼 컴퓨터 천재들 (무삭제판),스티븐 레비 ,"박재호 , 이해영 ",2013-08-19,9788968480454
모바일 플랫폼 비즈니스,류한석 ,,2012-04-02,9788994120270
컴파일러 구조와 원리,아오키 미네로우 ,이영희 ,2010-09-06,9788979147681
뇌를 자극하는 Windows Server 2008,우재남 ,,2011-03-11,9788979148206
대규모 웹 개발 : 배경지식부터 개발기법까지,카일 라우든 ,우정은 ,2011-02-21,9788979148145
"Blog2Book, 임베디드 프로그래밍 C 코드 최적화",김유진 ,,2008-02-28,9788979145465
"IT CookBook, 전자상거래와 e-비즈니스(개정판)",이동훈 ,,2014-07-28,9791156641230
"IT CookBook, 자바 프로그래밍 기초 : 원리부터 응용까지",고응남 ,,2008-12-15,9788979146523
"이클립스 프로젝트 필수 유틸리티 개정판 : Subversion, Ant, JUnit, Trac","민진우 , 이인선 ",,2009-01-19,9788979146233
"윈도우 프로젝트 필수 유틸리티: Subversion, Trac, CruiseControl.NET",이재홍 ,,2008-05-28,9788979145595
Ajax 디자인 패턴 for 웹 2.0,마이클 마헤모프(Michael Mahemoff) ,"정석모 , 김지원 ",2007-07-10,9788979144833
반짝반짝 바느질 회로 만들기: 전기가 통하는 실로 만드는 Tech D.I.Y 융합인재교육 STEAM,이지선 ,,2014-05-28,9788960558366
"IT CookBook, 비주얼 베이직 for Beginner",임관철 ,,2014-09-01,9791156641360
"Blog2Book, 고객을 사로잡는 매력적인 제안서와 창의적인 제안팀 이야기","류현주 , 박민영 ",,2009-03-04,9788979146608
"IT CookBook, 비주얼 베이직 프로그래밍 : 윈도우 프로그래밍의 첫 걸음",고응남 ,,2007-10-26,9788979145007
"자바 프로젝트 필수 유틸리티: Maven, TeamCity, Subversion, Trac",박재성 ,,2009-03-09,9788979146646
집단지성 프로그래밍,토비 세가란 ,윤종완 ,2008-04-16,9788979145625
"IT CookBook, 임베디드 리눅스 기초와 응용 : 인텔 PXA270 기반, VMWare 이용","우종정 , 사공준 ",,2007-08-02,9788979145083
임베디드 하드웨어 이해와 설계(개정판),존 캣솔리스 ,홍형경 ,2006-08-28,8979143958
CSS 비밀 매뉴얼: 감추고 싶은 나만의 비밀 노트,데이빗 소여 맥팔랜드 ,김지원 ,2007-03-02,9788979144789
Jlet으로 배우는 위피 프로그래밍,"박건태 , 김승엽 ",,2005-12-28,897914380x
디자인 패턴을 적용한 임베디드 시스템: 당신을 임베디드 전문가로 이끌어줄 꼼꼼한 멘토링,엘레시아 화이트 ,우정은 ,2013-06-22,9788968480195
"BACK TO THE BASIC, 뿌리부터 이해하는 C 언어 Vol 2","이희정 , 이승미 ",,2014-05-30,9788968487156
개발 프로세스 향상과 코드의 질을 높이는 Android Developer Tools 필수 가이드(심화편),마이크 울프선 ,이성주 ,2014-06-03,9788968487149
개발 프로세스 향상과 코드의 질을 높이는  Android Developer Tools 필수 가이드(기본편),마이크 울프선 ,이성주 ,2014-05-30,9788968487132
Thinking About C++11 STL 프로그래밍(개정2판),최흥배 ,,2014-06-12,9788968486623
MFC 프로그래밍 : 주식 분석 프로그램 만들기,김세훈 ,,2014-06-24,9788968486647
Thinking About : CPU 최적화 프로그래밍 노트(기초편),김안석 ,,2014-06-30,9788968486661
"IT CookBook, 빅데이터 컴퓨팅 기술","박두순 , 문양세 , 박영호 , 윤찬현 , 정영식 , 장형석 ",,2014-06-24,9791156641148
"IT CookBook, 비주얼 베이직 2015 for Beginner",임관철 ,,2016-12-30,9791156643067
"IT CookBook, 비주얼 베이직 2010 for Beginner",임관철 ,,2015-02-26,9791156641728
Thinking About : CPU 최적화 프로그래밍 노트(명령어 정리편),김안석 ,,2014-06-30,9788968486685
Thinking About : CPU 최적화 프로그래밍 노트(심화편),김안석 ,,2014-06-30,9788968486678
"루아 프로그래밍 가이드 : WOW, 앵그리버드에서 사용한 쉽고 빠른 스크립트 언어",Lua.org ,권상구 ,2013-11-14,9788968486517
R로 하는 데이터 시각화 : 고객을 설득하는 데이터 시각화 실전 노하우,전희원 ,,2013-10-30,9788968486494
만들면서 배우는 Cocos2d-x 멀티 플랫폼 게임 프로그래밍(퍼즐 & 슈팅),노재현 ,,2013-10-26,9788968480447
"글로벌 소프트웨어를 말하다, 지혜",김익환 ,,2014-06-28,9788968481031
만들면서 배우는 AndEngine 게임 프로그래밍: 하루에 하나씩 완성하는 안드로이드 게임 프로그래밍,최원효 ,,2013-11-18,9788968480584
해커와 화가,폴 그레이엄 ,임백준 ,2014-01-24,9788968480713
"BACK TO THE BASIC, C++11 핵심 노트: 핵심 주제 12가지로 배우는 C++11",이주한 ,,2013-11-29,9788968486531
Thinking About : C++11 STL 프로그래밍,최흥배 ,,2013-10-31,9788968486500
"IT EXPERT, ARM으로 배우는 임베디드 리눅스 시스템 : CPU에서 안드로이드까지 총망라! (개정판)",안효복 ,,2013-12-10,9788968480683
성당과 시장 : 우연한 혁명으로 일어난 리눅스와 오픈소스에 대한 생각,에릭 레이먼드 ,"정직한 , 송창훈 , 윤종민 ",2013-12-30,9788968486562
TDD에 대한 오해와 진실 TDD 이야기 : 당신이 TDD에 실패한 이유,"신정호 , 박상오 , 이규일 , 전우균 , 조건희 ",,2013-11-18,9788968486524
데이터/수치 분석을 위한 파이썬 라이브러리 SciPy와 NumPy,엘리 브레설트 ,이성주 ,2013-05-29,9788968486135
"BACK TO THE BASIC, C++ 버그 헌팅: 버그를 예방하는 11가지 코딩 습관",블라디미르 쿠스퀴니르 ,정원천 ,2013-05-31,9788968486357
AngularJS 활용편 : MVC 패턴을 구현하는 자바스크립트 프레임워크,"브래드 그린 , 샤이엄 세샤드리 ",김지원 ,2013-09-13,9788968486432
Boost.Asio를 이용한 네트워크 프로그래밍,최흥배 ,,2013-06-04,9788968486111
아두이노와 환경모니터링 : 직접 만든 아두이노 기기로 환경 지키기,"패트릭 디 저스토 , 에밀리 거츠 ",이영수 ,2013-06-26,9788968486388
iOS 빌드와 릴리스 - 빌드 자동화와 배포,론 로슈 ,이연진 ,2013-10-02,9788968486463
오픈 소스 : 오픈 소스 혁명의 목소리 Vol 1,"에릭 스티븐 레이먼드 , 리처드 스톨먼 , 팀 오라일리 , 리누스 토르발스 ","최준호 , 이만용 , 이기동 ",2013-07-31,9788968486449
만들면서 배우는 언리얼 게임 프로그래밍 : 횡 스크롤 액션 게임 + 타워 디펜스 TPS 액션 게임,"오사와 료스케 , 이즈카 켄스케 ",윤준 ,2015-04-27,9788968481956
AngularJS 기초편 : MVC 패턴을 구현하는 자바스크립트 프레임워크,"브래드 그린 , 샤이엄 세샤드리 ",김지원 ,2013-07-31,9788968486418
만들면서 배우는 CodeIgniter 프레임워크,변종원 ,,2013-07-16,9788968480263
iOS 빌드와 릴리스 - 환경 설정,론 로슈 ,이연진 ,2013-08-22,9788968486401
"IT CookBook, C로 시작하는 컴퓨터 프로그래밍(개정판)","문호석 , 손명호 ",,2014-02-17,9788998756925
R 병렬 프로그래밍 : 빅데이터 분석을 위한 R 멀티코어 병렬 처리,"Q. 에덴 맥컬럼 , 스테판 웨스턴 ",이영수 ,2013-06-28,9788968486364
"레거시 코드를 클린 코드로 누구나 쉽게, 리팩토링","정승욱 , 김태환 , 박승규 , 신정호 , 이규일 ",,2014-11-18,9788968486746
"IT CookBook, 컴퓨터 사이언스","이동명 , 권오현 , 고정국 ",,2014-02-19,9788998756970
스프링을 이용한 RESTful 웹 서비스 구축하기 : 실전 예제로 배우는 REST 방식의 스프링 웹 서비스,김강우 ,,2014-02-27,9788968486890
"개발자, 나를 말하다 : 게임, 모바일, 웹, 시스템, DB 개발자의 진솔한 이야기",용영환 ,,2014-01-27,9788968486593
게임 매니악스 탄막 게임 알고리즘,"마츠우라 켄이치로 , 츠카사 유키 ",윤석조 ,2014-02-22,9788968480812
Thinking about C/C++ : 프로그래머가 몰랐던 프로그램의 동작 원리(프로그램 생성편),박수현 ,,2014-04-24,9788968486951
"BACK TO THE BASIC, 뿌리부터 이해하는 C 언어 Vol 1","이희정 , 이승미 ",,2014-04-30,9788968486906
MariaDB 실전 활용 노하우 : 카카오 실무자가 알려주는 마리아DB 활용 노하우,성동찬 ,,2014-01-29,9788968486883
비즈니스 모델 게임 : 성공하는 사업모델을 만드는 9단계의 비밀,"김진영 , 강재민 ",,2013-08-09,9788968480362
생생 IT 토크 : 프로그래머들의 클라우드 이야기,"강대명 , 박민우 , 박현우 , 진성주 ",,2014-03-31,9788968486920
오픈 소스 : 오픈 소스 혁명의 목소리 Vol 2,"에릭 스티븐 레이먼드 , 리처드 스톨먼 , 팀 오라일리 , 리누스 토발즈 ","송창훈 , 이기동 , 이만용 ",2013-09-06,9788968486456
웹 사이트 최적화를 위한 밴디트 알고리즘,존 마일즈 화이트 ,김학민 ,2014-05-02,9788968486609
파이썬 웹 프로그래밍: Django(장고)로 배우는 쉽고 빠른 웹 개발,김석훈 ,,2015-03-28,9788968481819
게임을 움직이는 기술과 발상 : 코드 한 줄 없이 익히는 게임 개발 리얼 다큐,도마에 요시키 ,고승희 ,2014-12-26,9788968481543
재미있는 게임을 만드는 게임 밸런스 이야기,손형률 ,,2014-04-27,9788968480294
만들면서 배우는 Git+GitHub 입문,윤웅식 ,,2015-08-10,9788968482021
반응형 웹 개발을 위한 부트스트랩,제이크 스퍼록 ,송지연 ,2014-05-07,9788968486555
Thinking about C/C++ : 프로그래머가 몰랐던 프로그램의 동작 원리(프로그램 실행 환경편),박수현 ,,2014-05-15,9788968487118
FFmpeg 라이브러리 : 코덱과 영상 변환을 중심으로,이기곤 ,,2015-08-13,9788968487729
English for Developers: IT 트렌드로 배우는 개발자 영어 독해,"박재호 , 이해영 ",,2015-08-27,9788968482199
웹킷 CSS 바이블: 레퍼런스 편,"정다운 , 조은 , 양주희 , 민경환 , 김훈민 , 김영호 , 김대현 , 강영주 , 서미연 ",,2015-08-25,9788968487675
You Don't Know JS : this와 객체 프로토타입,카일 심슨(Kyle Simpson) ,이일웅 ,2015-08-27,9788968487743
OCR 프로그래밍 : 이미지 인식,김세훈 ,,2015-08-21,9788968487736
"게임 만드는 사람들의 리얼 수다 : 개발 경력 도합 150년, 게임 개발자 17인을 만나다",박민영 ,,2014-11-27,9788968481437
처음 시작하는 NFC 프로그래밍 : 안드로이드에서 개발하기,"브라이언 젭슨 , 돈 콜먼 , 톰 이고 ",이희정 ,2014-12-30,9788968487248
"IT CookBook, 정보보안 이론과 실제",마크 스탬프 ,"안태남 , 손용락 , 이광석 ",2015-09-17,9791156642008
자바와 암호화 : JCA를 이용한 암호화 구현하기,김강우 ,,2014-09-23,9788968486715
네트워크 보안 시스템 구축과 보안 관제 : 시스템 구축편,장상근 ,,2015-05-29,9788968487637
"IT CookBook, XML 프로그래밍 : 체계적으로 배우는 XML 원리와 응용",홍성용 ,,2015-06-08,9791156641810
CxO가 알아야 할 정보보안,강은성 ,,2015-01-05,9788968487613
안드로이드 애플리케이션의 성능 개선을 위한 스레드 관리,송무찬 ,,2015-05-14,9788968487477
엔터프라이즈 빌드 자동화를 위한 Gradle,윤석진 ,,2015-06-19,9788968487651
"손에 잡히는 R 프로그래밍 : 주사위, 카드놀이, 슬롯머신을 만들면서 배우는 R 언어",가렛 그롤먼드 ,이준용 ,2015-01-28,9788968481642
로그를 사랑해 : 데이터 처리/통합/시스템 구축을 위한 로그,제이 크렙스 ,이일웅 ,2015-01-30,9788968487309
자바 개발자를 위한 Vert.x 애플리케이션 개발,이연복 ,,2015-02-05,9788968487286
JavaScript Promise,azu ,주우영 ,2015-01-28,9788968487293
CxO가 알아야 할 정보보안,강은성 ,,2015-02-26,9788968487514
웹킷 CSS 바이블(실무편),"조은 , 정다운 , 민경환 , 김훈민 , 김영호 , 김대현 , 강영주 , 서미연 , 양주희 ",,2015-06-16,9788968487668
타이젠으로 웨어러블 앱 개발하기,서영진 ,,2015-06-26,9788968487644
모바일/웹 메시징: STOMP와 MQTT로 개발하는 IoT 모바일/웹 애플리케이션,제프 메스닐(Jeff Mesnil) ,조건희 ,2015-02-27,9788968487415
"붉은 별이 온다 : 알리바바, 텐센트, 바이두, 중국발 온라인 충격에 대비하라!",최규헌 ,,2015-03-28,9788968481765
리눅스 커널 패치와 커밋,윤대석 ,,2015-04-17,9788968487453
URL Shortener 프로젝트로 배우는 Vert.X 프레임워크,김요한 ,,2015-04-10,9788968487446
"처음 시작하는 NFC 프로그래밍 : 아두이노, 라즈베리 파이에서 개발하기","브라이언 젭슨 , 돈 콜먼 , 톰 이고 ",이희정 ,2015-01-12,9788968487255
정보보안 기사 & 산업기사 (필기),"윤대원 , 박인근 ",,2015-02-11,9791156641735
KT ucloud biz를 활용한 서비스별 클라우드 구축 가이드,"김인정 , 김경화 ",,2015-06-30,9788968487682
jQuery Deferreds : 디퍼드 제대로 이해하기,"니콜라스 톨러베이 , 테리 존슨(Terry Jones) ",조건희 ,2014-09-05,9788968487217
Nature of Code: 자연계 법칙을 디지털 세계로 옮기는 컴퓨터 프로그래밍 전략,다니엘 쉬프만 ,윤인성 ,2015-04-27,9788968481901
버프스위트 활용과 웹 모의해킹,"조정원 , 김명근 , 조승현 ",,2015-09-24,9788968487705
코드의 재사용과 높은 수준의 테스팅을 원한다면 : 함수형 길들이기,조슈아 백필드 ,이일웅 ,2015-03-26,9788968487439
SDL과 C++를 이용한 크로스 플랫폼 프로그래밍,박주항 ,,2015-07-28,9788968487712
게임스토밍,"데이브 그레이 , 서니 브라운 , 제임스 매카누포 ","정진호 , 강유선 ",2016-07-01,9788968482953
톡톡 창의력 알파벳 쓰기,창의수학연구소 ,,2015-12-09,9788968484049
Apache CloudStack : 클라우드 컴퓨팅을 관통하는 클라우드스택의 60가지 제안,세바스찬 고아스구엔 ,최민석 ,2015-09-30,9788968487767
처음 시작하는 임팔라 : SQL로 하둡을 다루는 가장 쉬운 방법,존 러셀 ,양원국 ,2015-04-21,9788968487262
D3.js 인 액션,일리야 미크스 ,강석주 ,2016-07-01,9788968482915
처음부터 다시 배우는 웹 기획,"정재용 , 최준호 , 조영수 ",,2016-07-15,9788968482991
9가지 사례로 익히는 고급 스파크 분석,"샌디 라이자 , 유리 레이저슨 , 션 오언 , 조시 윌스 ","서양주 , 권한철 , 박상은 ",2016-07-01,9788968482892
제대로 알고 쓰는 R 통계분석,이윤환 ,,2016-08-05,9791156642640
파이썬 웹 프로그래밍 (실전편),김석훈 ,,2016-07-15,9788968482939
처음 시작하는 리액트 : UI를 위한 자바스크립트 라이브러리 ReactJS,"톰 핼럿 , 리차드 펠드만 , 시몬 회벡 , 칼 미켈슨 , 존 비비 , 프랑키 반야르디 ","김훈민 , 곽현철 ",2016-07-25,9788968487750
전문가를 위한 파이썬,루시아누 하말류 ,강권학 ,2016-08-10,9788968484988
네트워크 보안 시스템 구축과 보안 관제,장상근 ,,2016-08-16,9788968488320
DBD 공격과 자바스크립트 난독화로 배우는 해킹의 기술,최우석 ,,2016-08-05,9788968488276
코드로 인프라 관리하기,키프 모리스 ,강재준 ,2017-03-01,9788968483431
마이크로서비스 아키텍처 구축,샘 뉴먼 ,정성권 ,2017-03-01,9788968483417
Apache JMeter : 오픈소스로 대용량 웹 성능 테스트하기,장재만 ,,2015-01-16,9788968487231
자바 8 람다 : 자바 개발자를 위한 함수형 프로그래밍,리처드 워버튼 ,이희정 ,2014-09-30,9788968486739
유니티로 배우는 게임 수학,구부키 류이치 ,김성재 ,2016-08-01,9788968485008
러닝 PHP,데이비드 스클라 ,정병열 ,2017-04-01,9788968483486
고성능 파이썬,"미샤 고렐릭 , 이안 오스발트 ","오현석 , 김영근 ",2016-08-10,9788968484995
C#과 데이터베이스로 누구나 쉽게 주식 자동매매 시스템 만들기,이경오 ,,2017-02-24,9788968488467
신경망 첫걸음,타리크 라시드 ,송교석 ,2017-04-03,9788968483509
"가상현실 이론부터 모바일, PC, 웹 개발까지 VR 첫걸음",토니 파리시 ,안명욱 ,2017-04-07,9788968488481
7가지 동시성 모델,폴 부처 ,임백준 ,2016-07-15,9788968482984
직접 설계하고 개발하는 IoT 백신(초급),이창우 ,,2017-04-07,9788968487361
리버스 엔지니어링 2권(디버거 편),이호동 ,,2017-03-01,9788968484810
만들면서 배우는 워드프레스,박현우 ,,2017-03-10,9788968483448
POCO를 이용한 C++ 네트워크 프로그래밍,최흥배 ,,2017-04-28,9788968488498
Hello Coding 그림으로 개념을 이해하는 알고리즘,아디트야 바르가바 ,김도형 ,2017-04-01,9788968483547
손으로 익히며 배우는 생활 보안 첫걸음,마스이 토시가츠 ,손정도 ,2017-05-01,9788968482861
나의 첫 파이썬,에릭 마테스 ,한선용 ,2017-05-01,9788968483561
팀을 위한 Git,엠마 제인 호그빈 웨스트비 ,최병현 ,2016-09-01,9788968488337
아마존 웹 서비스 인 액션,"안드레아스 비티히, 미하엘 비티히 ",모파상(백영상) ,2017-05-01,9788968483585
Spring MVC 4 익히기,지오프로이 워렌 ,김지헌 ,2016-08-24,9788968488283
텐서플로 첫걸음,조르디 토레스 ,박해선 ,2016-08-29,9788968484902
오픈스택 인 액션,코디 범가드너 ,"강재준, 신원석, 오성근, 이준섭, 조영준 ",2016-10-01,9788968484865
리버스 엔지니어링 1권(파일 구조 편),이호동 ,,2016-09-28,9788968484872
마이크로서비스 아키텍처 구축,샘 뉴먼 ,정성권 ,2017-03-01,9788968483417
Windows 시스템 실행파일의 구조와 원리,이호동 ,,2005-05-25,897914332x
전문가를 위한 C++(개정3판),마크 그레고리 ,권오인 ,2016-11-04,9788968484858
HTTPS 무료 사용을 위한 Let’s Encrypt 사용자 가이드,시큐리티플러스 ,,2016-08-31,9788968488405
처음 시작하는 AWS 람다,매튜 풀러(Matthew Fuller) ,"문경식, 신원석, 오성근, 조영준 ",2016-09-01,9788968488290
비박스 환경을 활용한 웹 모의해킹 완벽 실습,"조정원 , 이승준 , 김영선 , 최일선 , 이선경 , 이해인 ",,2016-09-09,9788968488412
오라클 레벨업,"스즈키 겐고 , 다마오키 다케히로 , 시오바라 고타 , 고바야시 오사무 , 오모리 신지 , 우치무라 도모아키 ","윤인성 , 조은옥 ",2016-12-15,9788968484681
헤드 퍼스트 대수학 Head First Algebra,"댄 필로네 , 트레이시 필로네 ","우정은 , 서환수 ",2016-11-01,9788968484773
이것이 iOS다,송종근 ,,2016-11-29,9788968484759
"IT CookBook, 쉽게 배우는 데이터 통신과 컴퓨터 네트워크 (개정판)",박기현 ,,2016-12-26,9791156643043
밑바닥부터 시작하는 딥러닝,사이토 고키 ,개앞맵시(이복연) ,2017-01-03,9788968484636
딥러닝 첫걸음,김성필 ,,2016-12-30,9788968487323
유니티로 게임을 만드는 10가지 방법,가토 마사키 ,고승희 ,2017-02-01,9788968484643
"SWedu, 컴퓨팅 사고력을 키우는 SW 교육 : 스크래치",고광일 ,,2016-10-10,9791156642756
러스트 핵심 노트,이보 발바르트 ,옥찬호 ,2017-02-14,9788968488429
"IT CookBook, 윈도우 서버 2012 R2 : 설치, 운영, 관리+실무 팁","남훈식 , 최영락 ",,2016-02-25,9791156642497
파이썬으로 웹 크롤러 만들기,라이언 미첼 ,한선용 ,2016-12-01,9788968484698
The Nature of Software Development,론 제프리스 ,이기곤 ,2016-12-31,9788968484650
스위프트 프로그래밍,야곰 ,,2017-01-02,9788968484667
디스커버리 Go 언어,염재현 ,,2016-03-07,9788968482687
만들면서 배우는 스파인 2D 게임 애니메이션,이동연 ,,2017-02-01,9788968484629
그레이들 레시피,켄 커즌 ,유동환 ,2016-12-09,9788968487095
유니티 5로 구현하는 안드로이드 게임 개발,발레라 코것 ,최민석 ,2015-12-30,9788968487958
처음 시작하는 Apache Mesos : 확장 가능하고 안정적인 클러스터 환경 구축하기,최규동 ,,2016-03-15,9788968487989
"IT CookBook, 컴파일러의 이해 : 내공 있는 프로그래머로 길러주는",박두순 ,,2016-01-02,9791156642411
초보자를 위한 유니티 5 입문 : 설치에서 3D와 2D 게임까지,"아라카와 다쿠야 , 아사노 유이치 ",윤준 ,2016-01-19,9788968482502
하루 만에 배우는 도커,나카이 에츠지 ,김성재 ,2016-01-22,9788968487965
비전공자를 위한 자바 프로그래밍,강희은 ,,2016-02-26,9788968488009
비주얼 컴플렉시티,마누엘 리마 ,장형석 ,2016-04-01,9788968482717
네트워크 보안 시스템 구축과 보안 관제 : 보안 관제편,장상근 ,,2016-04-15,9788968488047
구글 웹로그 분석,미나가와 아키히로 ,김성재 ,2015-12-28,9788968482410
C++로 시작하는 언리얼 4 게임 프로그래밍,윌리엄 쉐리프 ,구진수 ,2016-05-11,9788968488016
소프트웨어 세계화: 세계에서 통하는 소프트웨어를 만드는 방법 A to Z,박미라(Mira Park) ,,2016-03-28,9788968482663
알고리즘 문제 풀이 전략,"조중필 , 한현상 , 이주호 ",,2016-06-01,9788968482700
이것이 C++이다,최호성 ,,2016-01-19,9788968482465
머신러닝을 이용한 알고리즘 트레이딩 시스템 개발,"안명호 , 류미현 ",,2016-04-27,9788968488030
실전 게임 제작으로 배우는 언리얼 엔진 4,미나토 카즈히사 ,윤인성 ,2016-06-01,9788968482809
You Don’t Know JS : 비동기와 성능,카일 심슨(Kyle Simpson) ,이일웅 ,2015-12-18,9788968487941
"IT CookBook, 따라 하면서 배우는 아두이노",허경용 ,,2016-06-10,9791156642596
Docker로 PaaS 구성하기,오스카 하네 ,이기곤 ,2016-05-26,9788968488214
함수형 사고,닐 포드 ,김재완 ,2016-06-23,9788968482960
처음 시작하는 Sass,"김유리 , 방지은 , 양주희 , 정대영 , 홍보라 ",,2016-06-16,9788968488238
IT 인문을 만나다 : 역사와 고전으로 엿보는 19가지 IT 키워드,이범석 ,,2016-03-31,9788968488023
파이썬을 활용한 금융 분석,이브 힐피시 ,김도형 ,2016-05-18,9788968482779
게임 프로그래밍 패턴,로버트 나이스트롬 ,박일 ,2016-06-01,9788968482878
"IT CookBook, 시스템 분석과 설계(개정판) : 효과적인 비즈니스 정보시스템 개발",허원실 ,,2015-12-01,9791156642060
"IT CookBook, JUST JAVA : 객체지향에 충실한 자바다운 자바",황희정 ,,2015-10-26,9791156642015
안드로이드를 위한 Gradle,유동환 ,,2016-06-16,9788968488245
개발자를 위한 하룻밤에 읽는 Go 언어 이야기,신제용 ,,2015-11-16,9788968487903
"IT CookBook, 쉽게 배우는 소프트웨어 공학",김치수 ,,2015-12-01,9791156642053
게임 디자인 레벨업 가이드(개정2판) : 유저가 열광하는 위대한 게임을 만드는 기획,스콧 로저스 ,"정하율 , 강권학 , 김경태 , 우정은 ",2015-12-02,9788968482380
"화성에서 온 프로그래머, 금성에서 온 기획자",시미즈 료 ,지정우 ,2016-06-22,9788968482786
"IT CookBook, C# 프로그래밍 : 프로그래밍 기초부터 객체 지향 핵심까지",윤인성 ,,2015-12-01,9791156642046
크리스 크로퍼드의 인터랙티브 스토리텔링,크리스 크로퍼드 ,최향숙 ,2015-12-01,9788968482403
5초의 법칙,멜 로빈스 ,이지연 ,2017-09-01,9791157842049
안전한 웹 애플리케이션을 위한 자바스크립트 보안,Y.E 리앙(Y.E Liang) ,박미정 ,2015-11-30,9788968487927
"You Don’t Know JS : this와 객체 프로토타입, 비동기와 성능",카일 심슨 ,이일웅 ,2017-07-26,9788968488535
함수형 반응형 프로그래밍,"스티븐 블랙히스 , 앤서니 존스 ",오현석 ,2017-08-01,9788968488665
사전처럼 바로 찾아 쓰는 자바7 : 기본부터 심화까지 해결하는 문제 해결의 길잡이,조시 주노 외 3인 ,백기선 외 8인 ,2013-10-28,9788968480546
자바스크립트 프로젝트북,권대용 ,,2017-08-01,9788968483400
Make: 드론,데이비드 맥그리피 ,"임지순 , 감수자_ 팹브로스 제작소 김용현, 정성일 ",2017-08-01,9788968488641
"IT CookBook, 실무로 완성하는 최신 안테나 공학 : 이론에서 실무까지","Yi Huang , Kevin Boyle ",유태훈 ,2014-07-14,9791156641155
"IT CookBook, 컴퓨팅 사고력을 키우는 이산수학(개정판)",박주미 ,,2017-01-14,9791156643050
"IT CookBook, 처음 만나는 전기기기","최은혁 , 박숭규 ",,2016-11-01,9791156642398
"IT CookBook, 기초 통신이론",김영길 ,,2017-02-06,9791156643029
햄버거 성의 셰프봇을 작동시켜라!,"유경선 , (그림) 김미선 ",,2017-09-01,9788968488702
"IT CookBook, 실전에 강한 PLC : 기본 이론부터 실습까지",정완보 ,,2015-01-01,9791156641452
웹 데이터 수집의 기술,타쿠로 사사키 ,김경록 ,2017-08-15,9788968489990
창의적인 문제 해결 능력을 키워주는 IT 퍼즐,"김종훈 , 김병수 , 김태훈 , 양영훈 , 오정철 , 현동림 ",,2017-08-01,9788968488634
"IT CookBook, 자바 프로그래밍 바이블","오경주 , 염기호 , 정용훈 ",,2016-08-12,9791156642732
아파치 스파크 입문,"사루타 고스케 , 도바시 마사루 , 요시다 고요 , 사사키 도루 , 쓰즈키 마사요시 ",김진용 ,2017-09-01,9788968488696
데이터 아이코놀로지,박진완 ,,2017-01-26,9791156643098
IT 해외 취업 가이드 : 미국편,송기봉 ,,2016-06-11,9791156642572
"IT CookBook, 처음 만나는 전력공학","박숭규 , 최은혁 , 최병숙 ",,2016-01-15,9791156642367
손으로 익히며 배우는 네트워크 첫걸음,Gene ,진솔 ,2017-09-01,9788968488719
실무자가 말하는 모의해킹,조정원 ,,2017-09-11,9788968488757
실전 AWS 워크북,가와카미 아키히사 ,정도현 ,2017-09-01,9788968488726
골빈해커의 3분 딥러닝,김진중(골빈해커) ,,2017-09-25,9791162240137
스위프트 프로그래밍 2판,야곰 ,,2017-10-01,9791162240052
처음 배우는 머신러닝,"김승연 , 정용주 ",,2017-10-01,9791162240045
톡톡 창의력 숫자 쓰기 2,창의수학연구소 ,,2016-05-18,9788968484513
톡톡 창의력 수학 초등 수학 교과 연계  영역별 학습 세트(전 12권),창의수학연구소 ,,2016-10-10,9788968484469
톡톡 창의력 한글 쓰기 기초 낱말,창의수학연구소 ,,2016-08-31,9788968484537
RxJava 프로그래밍,"유동환 , 박정준 ",,2017-09-04,9788968488658
톡톡 창의력 한글 쓰기 1,창의수학연구소 ,,2016-05-01,9788968484520
톡톡 창의력 그림 찾기,창의수학연구소 ,,2016-04-15,9788968484483
톡톡 창의력 공부대장 특별 할인 세트(전 5권),창의수학연구소 ,,2016-10-10,9788968484568
2016 전력공학 이론+기출문제 & 동영상 (Part2~3 기출문제만 3개월 무료 동영상 제공),김상훈 ,,2015-12-01,9791156642190
인프라 엔지니어링 첫걸음,"데라오 에사쿠 , 나카무라 도모나리 , 하타노 아이 , 요코타 마사토시 , JPCERT CC ",윤인성 ,2017-08-01,9788968488672
머리가 좋아지는 톡톡 창의력 수학  7세 세트(전 6권),창의수학연구소 ,,2016-10-10,9788968484193
"SWedu, 컴퓨팅 사고력을 키우는 SW 교육 : 피지컬 컴퓨팅(엔트리 & 코드이노)","이민석 , 코더블 ",,2016-12-29,9791156643081
톡톡 창의력 그림 찾기 플러스,창의수학연구소 ,,2017-05-05,9788968488108
머리가 좋아지는 톡톡 창의력 수학 초등 수학 준비 세트(전 6권),창의수학연구소 ,,2016-10-10,9788968484452
톡톡 창의력 미로 찾기 플러스,창의수학연구소 ,,2017-04-05,9788968483608
얼굴 만들기 스티커북 – 동물 왕국,편집부 ,,2017-10-05,9791162240014
굴리굴리 프렌즈와 함께하는 색칠하기,김현 ,,2017-06-15,9788968483349
톡톡 창의력 수학 게임으로 재미있게 배우는  초등 수학 세트(전 6권),창의수학연구소 ,,2016-10-10,9788968484476
굴리굴리 프렌즈와 함께하는 미로 찾기,김현 ,,2017-06-15,9788968488115
기초 공업수학,마인숙 ,,2017-02-28,9791156642985
객체지향 소프트웨어 공학,최은만 ,,2017-04-10,9791156643197
회사에서 바로 통하는 파워포인트 2016 FOR STARTERS,이화진 ,,2017-04-14,9788968483462
얼굴 만들기 스티커북 – 동물 농장,편집부 ,,2017-10-05,9791162240021
"IT CookBook, C로 시작하는 컴퓨터 프로그래밍 개정3판","문호석 , 손명호 ",,2017-04-17,9791156643180
"IT CookBook, 웹 디자인 이론과 실습",강은정 ,,2017-06-05,9791156643258
아주 큰 스케치북 : 색칠하기,편집부 ,,2017-10-10,9791162240106
톡톡 창의력 놀이대장 세트(전 5권),창의수학연구소 ,,2016-10-10,9788968484551
확률과 통계 입문 : Basic Probability & Statistics,이재원 ,,2017-07-10,9791156643227
"IT CookBook, 기초부터 시작하는 PLC : 멜섹Q",정완보 ,,2017-04-28,9791156643203
"IT CookBook, MFC 윈도우 프로그래밍",강경우 ,,2017-06-26,9791156643265
개념이 잡히는 디지털 전자회로,강영국 ,,2017-07-27,9791156643012
"IT CookBook, 인터넷 해킹과 보안 개정3판",김경곤 ,,2017-06-30,9791156643272
기초 미분적분학(개정판) : Pre Calculus,함남우 ,,2017-07-07,9791156643210
"IT CookBook, 유닉스 시스템 프로그래밍",이종원 ,,2017-07-17,9791156643326
4차 산업혁명 시대의 경영정보시스템,이동훈 ,,2017-08-08,9791156643319
"IT CookBook, 쉽게 배우는 자바 프로그래밍",우종정 ,,2017-08-02,9791156643296
문과생도 이해하는 전기전자수학,야마시타 아키라 ,"박윤경 , 이현숙 ",2017-07-14,9791156643289
굴리굴리 프렌즈와 함께하는 그림 찾기,김현 ,,2017-07-15,9788968486005
"IT CookBook, 차세대 웹 프로그래밍",홍성용 ,,2017-07-30,9791156643302
2017 전기설비기술기준 및 판단기준,김상훈 ,,2016-12-29,9791156642930
공학도라면 반드시 알아야 할 최소한의 수학,John Bird ,이재원 ,2017-09-30,9791156643333
2017 전기응용 및 공사재료,김상훈 ,,2016-12-29,9791156642947
2017 전기기사 필기 7개년 기출문제집,김상훈 ,,2016-12-29,9791156642954
MOS 2016 엑셀 Expert,"김경희 , 오해강 ",,2017-09-11,9791156643357
2017 전기기사 실기 과년도 기출문제,김상훈 ,,2017-03-15,9791156642848
2017 전기산업기사 실기 과년도 기출문제,김상훈 ,,2017-03-15,9791156642855
린 마인드셋 : 린 스타트업을 위한 경영 철학,"메리 포펜딕 , 톰 포펜딕 ",위선주 ,2014-04-02,9788968480928
2017 전기공사산업기사 실기 과년도 기출문제,김상훈 ,,2017-03-22,9791156642879
이것이 MySQL이다,우재남 ,,2016-06-10,9788968482793
MOS 2016 파워포인트,"김경희 , 오해강 ",,2017-09-11,9791156643340
2017 전기산업기사 필기 7개년 기출문제집,김상훈 ,,2016-12-29,9791156642961
(D-30 단기합격 솔루션) 전기기사 필기 핵심 이론 & 엄선된 필수 기출문제 466선,김상훈 ,,2015-06-02,9791156641933
2016 전기산업기사 필기 과년도 기출문제 & 동영상,김상훈 ,,2015-11-02,9791156642121
(D-30 단기합격 솔루션) 전기산업기사 필기 핵심 이론 & 엄선된 필수 기출문제 458선,김상훈 ,,2015-06-02,9791156641940
전기공사산업기사 필기 핵심 이론 & 엄선된 필수 기출문제 468선,김상훈 ,,2016-05-04,9791156642534
2016 전기기사 필기 과년도 기출문제 & 동영상,김상훈 ,,2015-11-02,9791156642114
2016 전기응용 및 공사재료 이론+기출문제 & 동영상 (Part2~3 기출문제만 3개월 무료 동영상 제공),김상훈 ,,2015-12-01,9791156642237
2016 전기자기학 이론+기출문제 & 동영상 (Part2~3 기출문제만 3개월 무료 동영상 제공),김상훈 ,,2015-12-01,9791156642183
"모던 웹을 요리하는 초간편 HTML5 Cookbook : 자바스크립트 API, 로컬 저장소, 접근성, 지오로케이션","크리스토퍼 슈미트 , 카일 심슨 ",한선용 ,2012-08-17,9788979149401
2017 전기공사기사 실기 과년도 기출문제,김상훈 ,,2017-03-22,9791156642862
2016 제어공학 이론+기출문제 & 동영상 (Part2~3 기출문제만 3개월 무료 동영상 제공),김상훈 ,,2015-12-01,9791156642220
2016 전기기기 이론+기출문제 & 동영상 (Part2~3 기출문제만 3개월 무료 동영상 제공),김상훈 ,,2015-12-01,9791156642206
2016 전기기사 실기 과년도 기출문제,김상훈 ,,2016-03-03,9791156642152
2016 회로이론 이론+기출문제 & 동영상 (Part2~3 기출문제만 3개월 무료 동영상 제공),김상훈 ,,2015-12-01,9791156642176
머리가 좋아지는 톡톡 창의력 수학 5-6세 세트(전 6권),창의수학연구소 ,,2016-10-10,9788968484575
2016 전기설비기술기준 및 판단기준 이론+기출문제 & 동영상 (Part2~3 기출문제만 3개월 무료 동영상 제공),김상훈 ,,2015-12-01,9791156642213
2016 전기산업기사 실기 과년도 기출문제,김상훈 ,,2016-03-03,9791156642169
2016 전기공사산업기사 필기 과년도 기출문제 & 동영상,김상훈 ,,2015-12-01,9791156642145
